Reading,Receive,Value,Unit,Data Quality
2023-01-18 02:06:35,2023-01-18 02:06:55,93.48,in.,A
2023-01-17 14:06:35,2023-01-17 14:07:15,93.48,in.,A
2023-01-17 09:42:14,2023-01-17 09:43:00,93.48,in.,A
2023-01-17 02:06:35,2023-01-17 02:06:55,93.44,in.,A
2023-01-16 14:06:35,2023-01-16 14:06:55,93.44,in.,A
2023-01-16 12:50:16,2023-01-16 12:50:54,93.44,in.,A
2023-01-16 11:06:03,2023-01-16 11:06:55,93.40,in.,A
2023-01-16 05:26:31,2023-01-16 05:27:00,93.36,in.,A
2023-01-16 04:50:15,2023-01-16 04:50:55,93.32,in.,A
2023-01-16 04:32:11,2023-01-16 04:32:55,93.28,in.,A
2023-01-16 04:19:30,2023-01-16 04:21:00,93.24,in.,A
2023-01-16 04:05:59,2023-01-16 04:06:50,93.20,in.,A
2023-01-16 03:53:57,2023-01-16 03:55:00,93.16,in.,A
2023-01-16 03:35:48,2023-01-16 03:37:00,93.12,in.,A
2023-01-16 03:21:12,2023-01-16 03:22:54,93.09,in.,A
2023-01-16 03:09:04,2023-01-16 03:11:00,93.05,in.,A
2023-01-16 03:03:14,2023-01-16 03:04:54,93.01,in.,A
2023-01-16 02:58:27,2023-01-16 02:59:00,92.97,in.,A
2023-01-16 02:55:47,2023-01-16 02:57:00,92.93,in.,A
2023-01-16 02:51:18,2023-01-16 02:52:54,92.89,in.,A
2023-01-16 02:48:28,2023-01-16 02:48:55,92.85,in.,A
2023-01-16 02:45:25,2023-01-16 02:46:55,92.81,in.,A
2023-01-16 02:43:18,2023-01-16 02:45:00,92.77,in.,A
2023-01-16 02:40:01,2023-01-16 02:40:55,92.73,in.,A
2023-01-16 02:36:54,2023-01-16 02:38:55,92.69,in.,A
2023-01-16 02:34:33,2023-01-16 02:34:55,92.65,in.,A
2023-01-16 02:32:31,2023-01-16 02:32:54,92.61,in.,A
2023-01-16 02:30:01,2023-01-16 02:31:05,92.57,in.,A
2023-01-16 02:26:49,2023-01-16 02:28:54,92.53,in.,A
2023-01-16 02:23:54,2023-01-16 02:24:54,92.49,in.,A
2023-01-16 02:21:35,2023-01-16 02:22:54,92.46,in.,A
2023-01-16 02:18:21,2023-01-16 02:19:00,92.42,in.,A
2023-01-16 02:16:02,2023-01-16 02:16:55,92.38,in.,A
2023-01-16 02:14:28,2023-01-16 02:14:54,92.34,in.,A
2023-01-16 02:13:10,2023-01-16 02:14:54,92.30,in.,A
2023-01-16 02:11:36,2023-01-16 02:12:55,92.26,in.,A
2023-01-16 02:09:29,2023-01-16 02:10:55,92.22,in.,A
2023-01-16 02:06:56,2023-01-16 02:08:54,92.18,in.,A
2023-01-16 02:06:35,2023-01-16 02:06:54,92.14,in.,A
2023-01-16 02:04:34,2023-01-16 02:04:54,92.14,in.,A
2023-01-16 01:59:49,2023-01-16 02:00:54,92.10,in.,A
2023-01-16 01:56:49,2023-01-16 01:58:45,92.06,in.,A
2023-01-16 01:54:05,2023-01-16 01:54:54,92.02,in.,A
2023-01-16 01:46:48,2023-01-16 01:48:54,91.98,in.,A
2023-01-16 01:44:05,2023-01-16 01:44:54,91.94,in.,A
2023-01-16 01:37:09,2023-01-16 01:39:00,91.90,in.,A
2023-01-16 01:30:49,2023-01-16 01:32:55,91.86,in.,A
2023-01-16 01:27:52,2023-01-16 01:29:00,91.82,in.,A
2023-01-16 01:20:15,2023-01-16 01:21:05,91.79,in.,A
2023-01-16 01:11:53,2023-01-16 01:13:00,91.75,in.,A
2023-01-16 00:59:36,2023-01-16 01:01:00,91.71,in.,A
2023-01-16 00:56:40,2023-01-16 00:58:55,91.67,in.,A
2023-01-16 00:53:36,2023-01-16 00:54:55,91.63,in.,A
2023-01-16 00:51:32,2023-01-16 00:53:15,91.59,in.,A
2023-01-16 00:49:46,2023-01-16 00:51:00,91.55,in.,A
2023-01-16 00:46:03,2023-01-16 00:47:00,91.51,in.,A
2023-01-16 00:42:08,2023-01-16 00:42:55,91.47,in.,A
2023-01-16 00:36:58,2023-01-16 00:38:54,91.43,in.,A
2023-01-16 00:33:47,2023-01-16 00:34:54,91.39,in.,A
2023-01-16 00:30:32,2023-01-16 00:30:50,91.35,in.,A
2023-01-16 00:26:41,2023-01-16 00:28:55,91.31,in.,A
2023-01-16 00:23:52,2023-01-16 00:24:55,91.27,in.,A
2023-01-16 00:19:51,2023-01-16 00:21:00,91.23,in.,A
2023-01-16 00:16:49,2023-01-16 00:18:50,91.19,in.,A
2023-01-16 00:13:25,2023-01-16 00:15:10,91.16,in.,A
2023-01-16 00:10:29,2023-01-16 00:10:54,91.12,in.,A
2023-01-16 00:08:04,2023-01-16 00:08:54,91.08,in.,A
2023-01-16 00:03:36,2023-01-16 00:05:00,91.04,in.,A
2023-01-15 23:58:24,2023-01-15 23:58:55,91.00,in.,A
2023-01-15 23:51:43,2023-01-15 23:53:00,90.96,in.,A
2023-01-15 23:44:02,2023-01-15 23:45:05,90.92,in.,A
2023-01-15 23:36:39,2023-01-15 23:38:55,90.88,in.,A
2023-01-15 23:29:38,2023-01-15 23:31:00,90.84,in.,A
2023-01-15 23:26:28,2023-01-15 23:27:05,90.80,in.,A
2023-01-15 23:22:46,2023-01-15 23:24:55,90.76,in.,A
2023-01-15 23:19:54,2023-01-15 23:21:00,90.72,in.,A
2023-01-15 23:13:36,2023-01-15 23:15:05,90.68,in.,A
2023-01-15 23:08:51,2023-01-15 23:10:55,90.64,in.,A
2023-01-15 23:05:09,2023-01-15 23:06:55,90.60,in.,A
2023-01-15 23:02:21,2023-01-15 23:02:54,90.56,in.,A
2023-01-15 22:58:44,2023-01-15 23:01:00,90.52,in.,A
2023-01-15 22:55:12,2023-01-15 22:57:05,90.49,in.,A
2023-01-15 22:51:48,2023-01-15 22:53:00,90.45,in.,A
2023-01-15 22:48:18,2023-01-15 22:49:00,90.41,in.,A
2023-01-15 22:41:50,2023-01-15 22:42:54,90.37,in.,A
2023-01-15 22:37:49,2023-01-15 22:39:05,90.33,in.,A
2023-01-15 22:33:34,2023-01-15 22:34:55,90.29,in.,A
2023-01-15 22:29:31,2023-01-15 22:30:54,90.25,in.,A
2023-01-15 22:24:20,2023-01-15 22:24:54,90.21,in.,A
2023-01-15 22:20:44,2023-01-15 22:22:55,90.17,in.,A
2023-01-15 22:16:17,2023-01-15 22:16:55,90.13,in.,A
2023-01-15 22:12:41,2023-01-15 22:14:55,90.09,in.,A
2023-01-15 22:09:37,2023-01-15 22:11:00,90.05,in.,A
2023-01-15 22:07:02,2023-01-15 22:08:54,90.01,in.,A
2023-01-15 22:03:29,2023-01-15 22:04:55,89.97,in.,A
2023-01-15 21:59:03,2023-01-15 22:00:55,89.93,in.,A
2023-01-15 21:55:52,2023-01-15 21:57:00,89.89,in.,A
2023-01-15 21:52:26,2023-01-15 21:53:00,89.85,in.,A
2023-01-15 21:47:25,2023-01-15 21:49:05,89.82,in.,A
2023-01-15 21:43:19,2023-01-15 21:45:15,89.78,in.,A
2023-01-15 21:39:20,2023-01-15 21:41:00,89.74,in.,A
2023-01-15 21:36:08,2023-01-15 21:36:54,89.70,in.,A
2023-01-15 21:32:46,2023-01-15 21:34:55,89.66,in.,A
2023-01-15 21:29:40,2023-01-15 21:31:00,89.62,in.,A
2023-01-15 21:25:36,2023-01-15 21:26:55,89.58,in.,A
2023-01-15 21:21:48,2023-01-15 21:22:54,89.54,in.,A
2023-01-15 20:33:47,2023-01-15 20:34:55,89.50,in.,A
2023-01-15 14:06:35,2023-01-15 14:07:05,89.46,in.,A
2023-01-15 13:40:18,2023-01-15 13:41:05,89.46,in.,A
2023-01-15 13:12:00,2023-01-15 13:13:00,89.42,in.,A
2023-01-15 12:54:42,2023-01-15 12:56:54,89.38,in.,A
2023-01-15 12:33:53,2023-01-15 12:35:05,89.34,in.,A
2023-01-15 12:08:34,2023-01-15 12:08:55,89.30,in.,A
2023-01-15 11:35:52,2023-01-15 11:37:00,89.26,in.,A
2023-01-15 08:34:51,2023-01-15 08:36:54,89.22,in.,A
2023-01-15 05:50:08,2023-01-15 05:51:00,89.19,in.,A
2023-01-15 02:30:12,2023-01-15 02:31:00,89.15,in.,A
2023-01-15 02:06:35,2023-01-15 02:06:54,89.11,in.,A
2023-01-14 23:57:23,2023-01-14 23:59:00,89.11,in.,A
2023-01-14 22:50:43,2023-01-14 22:52:54,89.07,in.,A
2023-01-14 22:19:08,2023-01-14 22:21:05,89.03,in.,A
2023-01-14 22:00:32,2023-01-14 22:00:50,88.99,in.,A
2023-01-14 20:17:30,2023-01-14 20:19:00,88.95,in.,A
2023-01-14 19:44:47,2023-01-14 19:47:00,88.91,in.,A
2023-01-14 19:30:22,2023-01-14 19:30:50,88.87,in.,A
2023-01-14 19:23:40,2023-01-14 19:24:50,88.83,in.,A
2023-01-14 19:17:16,2023-01-14 19:18:55,88.79,in.,A
2023-01-14 19:10:12,2023-01-14 19:10:50,88.75,in.,A
2023-01-14 18:57:24,2023-01-14 18:58:50,88.71,in.,A
2023-01-14 16:46:16,2023-01-14 16:46:55,88.67,in.,A
2023-01-14 14:06:35,2023-01-14 14:07:05,88.63,in.,A
2023-01-14 12:06:36,2023-01-14 12:08:55,88.63,in.,A
2023-01-14 11:33:04,2023-01-14 11:34:54,88.59,in.,A
2023-01-14 11:13:52,2023-01-14 11:14:54,88.55,in.,A
2023-01-14 11:08:32,2023-01-14 11:08:55,88.52,in.,A
2023-01-14 11:01:00,2023-01-14 11:02:54,88.48,in.,A
2023-01-14 10:54:36,2023-01-14 10:56:54,88.44,in.,A
2023-01-14 10:46:34,2023-01-14 10:47:00,88.40,in.,A
2023-01-14 10:42:27,2023-01-14 10:42:54,88.36,in.,A
2023-01-14 10:32:16,2023-01-14 10:33:00,88.32,in.,A
2023-01-14 10:23:48,2023-01-14 10:25:00,88.28,in.,A
2023-01-14 10:17:52,2023-01-14 10:18:55,88.24,in.,A
2023-01-14 10:14:53,2023-01-14 10:17:00,88.20,in.,A
2023-01-14 10:10:49,2023-01-14 10:13:00,88.16,in.,A
2023-01-14 10:06:21,2023-01-14 10:06:54,88.12,in.,A
2023-01-14 10:01:28,2023-01-14 10:03:00,88.08,in.,A
2023-01-14 09:58:42,2023-01-14 10:01:05,88.04,in.,A
2023-01-14 09:56:35,2023-01-14 09:59:00,88.00,in.,A
2023-01-14 09:54:25,2023-01-14 09:54:54,87.96,in.,A
2023-01-14 09:52:45,2023-01-14 09:54:54,87.92,in.,A
2023-01-14 09:51:06,2023-01-14 09:52:55,87.88,in.,A
2023-01-14 09:49:11,2023-01-14 09:51:00,87.85,in.,A
2023-01-14 09:47:47,2023-01-14 09:49:00,87.81,in.,A
2023-01-14 09:46:17,2023-01-14 09:47:00,87.77,in.,A
2023-01-14 09:45:00,2023-01-14 09:47:00,87.73,in.,A
2023-01-14 09:43:59,2023-01-14 09:44:54,87.69,in.,A
2023-01-14 09:41:48,2023-01-14 09:42:54,87.65,in.,A
2023-01-14 09:38:34,2023-01-14 09:38:54,87.61,in.,A
2023-01-14 09:36:59,2023-01-14 09:38:54,87.57,in.,A
2023-01-14 09:35:47,2023-01-14 09:37:00,87.53,in.,A
2023-01-14 09:34:22,2023-01-14 09:34:54,87.49,in.,A
2023-01-14 09:31:51,2023-01-14 09:33:00,87.45,in.,A
2023-01-14 09:30:29,2023-01-14 09:31:00,87.41,in.,A
2023-01-14 09:29:23,2023-01-14 09:31:00,87.37,in.,A
2023-01-14 09:27:54,2023-01-14 09:29:00,87.33,in.,A
2023-01-14 09:25:45,2023-01-14 09:27:00,87.29,in.,A
2023-01-14 09:24:44,2023-01-14 09:27:00,87.25,in.,A
2023-01-14 09:14:38,2023-01-14 09:16:54,87.22,in.,A
2023-01-14 09:11:38,2023-01-14 09:12:50,87.18,in.,A
2023-01-14 09:09:28,2023-01-14 09:10:55,87.14,in.,A
2023-01-14 09:07:34,2023-01-14 09:08:55,87.10,in.,A
2023-01-14 09:05:36,2023-01-14 09:06:54,87.06,in.,A
2023-01-14 09:03:48,2023-01-14 09:04:55,87.02,in.,A
2023-01-14 09:00:44,2023-01-14 09:02:54,86.98,in.,A
2023-01-14 08:58:15,2023-01-14 08:58:54,86.94,in.,A
2023-01-14 08:55:58,2023-01-14 08:56:54,86.90,in.,A
2023-01-14 08:54:31,2023-01-14 08:54:55,86.86,in.,A
2023-01-14 08:52:16,2023-01-14 08:52:55,86.82,in.,A
2023-01-14 08:50:33,2023-01-14 08:50:55,86.78,in.,A
2023-01-14 08:48:09,2023-01-14 08:48:50,86.74,in.,A
2023-01-14 08:45:50,2023-01-14 08:46:54,86.70,in.,A
2023-01-14 08:44:04,2023-01-14 08:44:54,86.66,in.,A
2023-01-14 08:41:36,2023-01-14 08:42:54,86.62,in.,A
2023-01-14 08:38:36,2023-01-14 08:40:54,86.58,in.,A
2023-01-14 08:35:01,2023-01-14 08:36:55,86.55,in.,A
2023-01-14 08:32:12,2023-01-14 08:33:00,86.51,in.,A
2023-01-14 08:30:17,2023-01-14 08:30:50,86.47,in.,A
2023-01-14 08:28:24,2023-01-14 08:28:54,86.43,in.,A
2023-01-14 08:26:24,2023-01-14 08:27:00,86.39,in.,A
2023-01-14 08:22:36,2023-01-14 08:25:00,86.35,in.,A
2023-01-14 08:20:40,2023-01-14 08:23:00,86.31,in.,A
2023-01-14 08:18:41,2023-01-14 08:21:00,86.27,in.,A
2023-01-14 08:15:55,2023-01-14 08:17:00,86.23,in.,A
2023-01-14 08:12:53,2023-01-14 08:15:00,86.19,in.,A
2023-01-14 08:10:38,2023-01-14 08:13:00,86.15,in.,A
2023-01-14 08:06:47,2023-01-14 08:09:00,86.11,in.,A
2023-01-14 08:03:29,2023-01-14 08:05:00,86.07,in.,A
2023-01-14 08:00:36,2023-01-14 08:02:55,86.03,in.,A
2023-01-14 07:58:33,2023-01-14 07:58:54,85.99,in.,A
2023-01-14 07:55:53,2023-01-14 07:57:00,85.95,in.,A
2023-01-14 07:53:12,2023-01-14 07:55:00,85.92,in.,A
2023-01-14 07:50:35,2023-01-14 07:53:00,85.88,in.,A
2023-01-14 07:48:30,2023-01-14 07:49:00,85.84,in.,A
2023-01-14 07:45:49,2023-01-14 07:46:55,85.80,in.,A
2023-01-14 07:43:33,2023-01-14 07:45:00,85.76,in.,A
2023-01-14 07:40:24,2023-01-14 07:40:55,85.72,in.,A
2023-01-14 07:37:26,2023-01-14 07:39:00,85.68,in.,A
2023-01-14 07:34:55,2023-01-14 07:36:55,85.64,in.,A
2023-01-14 07:33:01,2023-01-14 07:35:00,85.60,in.,A
2023-01-14 07:30:35,2023-01-14 07:33:00,85.56,in.,A
2023-01-14 07:28:40,2023-01-14 07:31:00,85.52,in.,A
2023-01-14 07:25:11,2023-01-14 07:27:00,85.48,in.,A
2023-01-14 07:23:06,2023-01-14 07:24:54,85.44,in.,A
2023-01-14 07:19:14,2023-01-14 07:20:54,85.40,in.,A
2023-01-14 07:15:17,2023-01-14 07:17:00,85.36,in.,A
2023-01-14 07:11:41,2023-01-14 07:13:00,85.32,in.,A
2023-01-14 07:08:13,2023-01-14 07:08:55,85.28,in.,A
2023-01-14 07:05:05,2023-01-14 07:06:54,85.25,in.,A
2023-01-14 07:03:13,2023-01-14 07:04:54,85.21,in.,A
2023-01-14 06:59:34,2023-01-14 07:01:00,85.17,in.,A
2023-01-14 06:56:30,2023-01-14 06:56:54,85.13,in.,A
2023-01-14 06:53:59,2023-01-14 06:54:54,85.09,in.,A
2023-01-14 06:51:01,2023-01-14 06:52:54,85.05,in.,A
2023-01-14 06:46:12,2023-01-14 06:46:55,85.01,in.,A
2023-01-14 06:43:43,2023-01-14 06:45:10,84.97,in.,A
2023-01-14 06:39:41,2023-01-14 06:41:00,84.93,in.,A
2023-01-14 06:35:27,2023-01-14 06:37:15,84.89,in.,A
2023-01-14 06:31:41,2023-01-14 06:32:54,84.85,in.,A
2023-01-14 06:28:07,2023-01-14 06:28:55,84.81,in.,A
2023-01-14 06:22:28,2023-01-14 06:22:54,84.77,in.,A
2023-01-14 06:19:30,2023-01-14 06:21:05,84.73,in.,A
2023-01-14 06:17:02,2023-01-14 06:19:00,84.69,in.,A
2023-01-14 06:12:31,2023-01-14 06:12:55,84.65,in.,A
2023-01-14 06:09:57,2023-01-14 06:10:55,84.62,in.,A
2023-01-14 06:05:53,2023-01-14 06:07:00,84.58,in.,A
2023-01-14 05:59:25,2023-01-14 06:00:55,84.54,in.,A
2023-01-14 05:57:29,2023-01-14 05:58:55,84.50,in.,A
2023-01-14 05:52:33,2023-01-14 05:52:54,84.46,in.,A
2023-01-14 05:47:50,2023-01-14 05:48:54,84.42,in.,A
2023-01-14 05:41:31,2023-01-14 05:43:15,84.38,in.,A
2023-01-14 05:40:00,2023-01-14 05:40:55,84.34,in.,A
2023-01-14 05:37:58,2023-01-14 05:38:55,84.30,in.,A
2023-01-14 05:35:56,2023-01-14 05:36:55,84.26,in.,A
2023-01-14 05:34:01,2023-01-14 05:35:00,84.22,in.,A
2023-01-14 05:29:50,2023-01-14 05:31:00,84.18,in.,A
2023-01-14 05:25:45,2023-01-14 05:26:55,84.14,in.,A
2023-01-14 05:24:28,2023-01-14 05:24:55,84.10,in.,A
2023-01-14 05:23:24,2023-01-14 05:24:55,84.06,in.,A
2023-01-14 05:19:11,2023-01-14 05:21:00,84.02,in.,A
2023-01-14 05:14:13,2023-01-14 05:14:55,83.98,in.,A
2023-01-14 05:10:35,2023-01-14 05:12:55,83.95,in.,A
2023-01-14 05:04:39,2023-01-14 05:07:00,83.91,in.,A
2023-01-14 05:00:14,2023-01-14 05:01:00,83.87,in.,A
2023-01-14 04:53:21,2023-01-14 04:55:00,83.83,in.,A
2023-01-14 04:49:44,2023-01-14 04:50:55,83.79,in.,A
2023-01-14 04:43:33,2023-01-14 04:44:54,83.75,in.,A
2023-01-14 04:35:40,2023-01-14 04:36:54,83.71,in.,A
2023-01-14 04:28:06,2023-01-14 04:28:55,83.67,in.,A
2023-01-14 04:20:08,2023-01-14 04:20:55,83.63,in.,A
2023-01-14 04:14:00,2023-01-14 04:15:00,83.59,in.,A
2023-01-14 04:10:23,2023-01-14 04:10:55,83.55,in.,A
2023-01-14 04:06:48,2023-01-14 04:08:54,83.51,in.,A
2023-01-14 04:01:35,2023-01-14 04:02:50,83.47,in.,A
2023-01-14 03:52:00,2023-01-14 03:53:00,83.43,in.,A
2023-01-14 03:46:11,2023-01-14 03:46:55,83.39,in.,A
2023-01-14 03:34:04,2023-01-14 03:34:55,83.35,in.,A
2023-01-14 03:22:05,2023-01-14 03:23:00,83.31,in.,A
2023-01-14 03:14:30,2023-01-14 03:15:00,83.28,in.,A
2023-01-14 03:07:28,2023-01-14 03:08:55,83.24,in.,A
2023-01-14 03:02:01,2023-01-14 03:03:05,83.20,in.,A
2023-01-14 02:57:28,2023-01-14 02:59:15,83.16,in.,A
2023-01-14 02:53:42,2023-01-14 02:55:15,83.12,in.,A
2023-01-14 02:51:41,2023-01-14 02:52:55,83.08,in.,A
2023-01-14 02:48:53,2023-01-14 02:50:55,83.04,in.,A
2023-01-14 02:47:34,2023-01-14 02:49:00,83.00,in.,A
2023-01-14 02:44:31,2023-01-14 02:45:15,82.96,in.,A
2023-01-14 02:40:33,2023-01-14 02:40:55,82.92,in.,A
2023-01-14 02:32:28,2023-01-14 02:32:55,82.88,in.,A
2023-01-14 02:27:12,2023-01-14 02:29:10,82.84,in.,A
2023-01-14 02:23:11,2023-01-14 02:25:00,82.80,in.,A
2023-01-14 02:12:46,2023-01-14 02:15:05,82.76,in.,A
2023-01-14 02:06:35,2023-01-14 02:07:05,82.72,in.,A
2023-01-14 01:47:25,2023-01-14 01:49:00,82.72,in.,A
2023-01-14 01:22:57,2023-01-14 01:25:00,82.68,in.,A
2023-01-14 01:20:14,2023-01-14 01:20:54,82.65,in.,A
2023-01-14 01:17:59,2023-01-14 01:18:55,82.61,in.,A
2023-01-14 01:16:43,2023-01-14 01:18:55,82.57,in.,A
2023-01-14 01:15:08,2023-01-14 01:17:00,82.53,in.,A
2023-01-14 00:55:27,2023-01-14 00:56:54,82.49,in.,A
2023-01-14 00:47:28,2023-01-14 00:48:54,82.45,in.,A
2023-01-14 00:43:16,2023-01-14 00:44:55,82.41,in.,A
2023-01-14 00:08:55,2023-01-14 00:11:10,82.37,in.,A
2023-01-14 00:01:58,2023-01-14 00:03:00,82.33,in.,A
2023-01-13 23:53:01,2023-01-13 23:55:05,82.29,in.,A
2023-01-13 23:45:33,2023-01-13 23:46:55,82.25,in.,A
2023-01-13 23:28:02,2023-01-13 23:28:50,82.21,in.,A
2023-01-13 23:13:09,2023-01-13 23:14:54,82.17,in.,A
2023-01-13 22:51:02,2023-01-13 22:52:50,82.13,in.,A
2023-01-13 22:42:51,2023-01-13 22:45:05,82.09,in.,A
2023-01-13 22:31:46,2023-01-13 22:32:55,82.05,in.,A
2023-01-13 21:57:36,2023-01-13 21:58:55,82.01,in.,A
2023-01-13 21:25:20,2023-01-13 21:27:00,81.98,in.,A
2023-01-13 20:53:27,2023-01-13 20:54:55,81.94,in.,A
2023-01-13 20:42:41,2023-01-13 20:45:15,81.90,in.,A
2023-01-13 20:40:16,2023-01-13 20:40:54,81.86,in.,A
2023-01-13 20:38:50,2023-01-13 20:40:54,81.82,in.,A
2023-01-13 20:37:25,2023-01-13 20:39:00,81.78,in.,A
2023-01-13 20:33:50,2023-01-13 20:34:55,81.74,in.,A
2023-01-13 20:31:12,2023-01-13 20:32:55,81.70,in.,A
2023-01-13 20:23:48,2023-01-13 20:27:00,81.66,in.,A
2023-01-13 20:18:46,2023-01-13 20:21:05,81.62,in.,A
2023-01-13 20:14:51,2023-01-13 20:16:55,81.58,in.,A
2023-01-13 20:08:02,2023-01-13 20:09:00,81.54,in.,A
2023-01-13 20:02:23,2023-01-13 20:02:54,81.50,in.,A
2023-01-13 19:56:39,2023-01-13 19:59:15,81.46,in.,A
2023-01-13 19:31:07,2023-01-13 19:32:54,81.42,in.,A
2023-01-13 19:07:56,2023-01-13 19:09:00,81.38,in.,A
2023-01-13 19:03:21,2023-01-13 19:05:00,81.35,in.,A
2023-01-13 19:01:12,2023-01-13 19:03:00,81.31,in.,A
2023-01-13 19:00:20,2023-01-13 19:01:00,81.27,in.,A
2023-01-13 18:58:04,2023-01-13 18:59:15,81.23,in.,A
2023-01-13 18:52:35,2023-01-13 18:54:55,81.19,in.,A
2023-01-13 18:43:13,2023-01-13 18:45:05,81.15,in.,A
2023-01-13 18:38:04,2023-01-13 18:39:00,81.11,in.,A
2023-01-13 18:26:45,2023-01-13 18:29:10,81.07,in.,A
2023-01-13 18:24:30,2023-01-13 18:24:54,81.03,in.,A
2023-01-13 18:23:10,2023-01-13 18:24:54,80.99,in.,A
2023-01-13 18:17:42,2023-01-13 18:19:00,80.95,in.,A
2023-01-13 18:07:28,2023-01-13 18:09:00,80.91,in.,A
2023-01-13 17:51:51,2023-01-13 17:52:54,80.87,in.,A
2023-01-13 17:41:22,2023-01-13 17:43:00,80.83,in.,A
2023-01-13 17:39:17,2023-01-13 17:41:00,80.79,in.,A
2023-01-13 17:22:04,2023-01-13 17:22:55,80.75,in.,A
2023-01-13 17:18:38,2023-01-13 17:20:55,80.71,in.,A
2023-01-13 16:34:00,2023-01-13 16:35:00,80.68,in.,A
2023-01-13 15:07:14,2023-01-13 15:09:00,80.64,in.,A
2023-01-13 14:41:29,2023-01-13 14:43:00,80.60,in.,A
2023-01-13 14:28:31,2023-01-13 14:29:00,80.56,in.,A
2023-01-13 14:12:00,2023-01-13 14:12:55,80.52,in.,A
2023-01-13 14:06:35,2023-01-13 14:06:55,80.48,in.,A
2023-01-13 14:02:44,2023-01-13 14:05:00,80.48,in.,A
2023-01-13 13:47:05,2023-01-13 13:48:55,80.44,in.,A
2023-01-13 13:43:07,2023-01-13 13:45:05,80.40,in.,A
2023-01-13 13:32:02,2023-01-13 13:32:54,80.36,in.,A
2023-01-13 13:13:52,2023-01-13 13:14:54,80.32,in.,A
2023-01-13 13:05:40,2023-01-13 13:06:50,80.28,in.,A
2023-01-13 13:01:30,2023-01-13 13:02:50,80.24,in.,A
2023-01-13 12:56:21,2023-01-13 12:56:50,80.20,in.,A
2023-01-13 12:49:02,2023-01-13 12:50:54,80.16,in.,A
2023-01-13 12:37:44,2023-01-13 12:38:54,80.12,in.,A
2023-01-13 12:29:01,2023-01-13 12:30:54,80.08,in.,A
2023-01-13 12:23:55,2023-01-13 12:26:54,80.04,in.,A
2023-01-13 12:20:40,2023-01-13 12:22:54,80.01,in.,A
2023-01-13 12:16:58,2023-01-13 12:18:55,79.97,in.,A
2023-01-13 12:14:01,2023-01-13 12:15:00,79.93,in.,A
2023-01-13 12:08:23,2023-01-13 12:08:45,79.89,in.,A
2023-01-13 12:02:31,2023-01-13 12:03:05,79.85,in.,A
2023-01-13 11:58:08,2023-01-13 11:59:00,79.81,in.,A
2023-01-13 11:47:24,2023-01-13 11:49:05,79.77,in.,A
2023-01-13 11:43:43,2023-01-13 11:45:00,79.73,in.,A
2023-01-13 11:38:34,2023-01-13 11:38:55,79.69,in.,A
2023-01-13 11:35:03,2023-01-13 11:38:55,79.65,in.,A
2023-01-13 11:33:25,2023-01-13 11:35:00,79.61,in.,A
2023-01-13 11:31:17,2023-01-13 11:33:05,79.57,in.,A
2023-01-13 11:29:41,2023-01-13 11:31:00,79.53,in.,A
2023-01-13 11:27:33,2023-01-13 11:29:00,79.49,in.,A
2023-01-13 11:25:22,2023-01-13 11:27:00,79.45,in.,A
2023-01-13 11:23:04,2023-01-13 11:25:15,79.41,in.,A
2023-01-13 11:21:25,2023-01-13 11:22:54,79.38,in.,A
2023-01-13 11:17:43,2023-01-13 11:19:05,79.34,in.,A
2023-01-13 11:14:12,2023-01-13 11:15:05,79.30,in.,A
2023-01-13 11:11:00,2023-01-13 11:12:54,79.26,in.,A
2023-01-13 11:08:48,2023-01-13 11:10:54,79.22,in.,A
2023-01-13 11:06:00,2023-01-13 11:07:00,79.18,in.,A
2023-01-13 11:03:49,2023-01-13 11:04:50,79.14,in.,A
2023-01-13 10:58:06,2023-01-13 10:58:55,79.10,in.,A
2023-01-13 10:47:08,2023-01-13 10:50:55,79.06,in.,A
2023-01-13 10:31:17,2023-01-13 10:33:00,79.02,in.,A
2023-01-13 10:22:28,2023-01-13 10:22:55,78.98,in.,A
2023-01-13 09:50:45,2023-01-13 09:52:54,78.94,in.,A
2023-01-13 09:37:07,2023-01-13 09:38:55,78.90,in.,A
2023-01-13 09:32:47,2023-01-13 09:34:50,78.86,in.,A
2023-01-13 09:31:01,2023-01-13 09:32:55,78.82,in.,A
2023-01-13 09:27:24,2023-01-13 09:29:00,78.78,in.,A
2023-01-13 09:26:39,2023-01-13 09:29:00,78.74,in.,A
2023-01-13 09:25:58,2023-01-13 09:27:00,78.71,in.,A
2023-01-13 09:25:12,2023-01-13 09:27:00,78.67,in.,A
2023-01-13 09:24:43,2023-01-13 09:27:00,78.63,in.,A
2023-01-13 09:23:53,2023-01-13 09:25:00,78.59,in.,A
2023-01-13 09:22:34,2023-01-13 09:23:05,78.55,in.,A
2023-01-13 09:11:10,2023-01-13 09:15:10,78.51,in.,A
2023-01-13 09:01:39,2023-01-13 09:02:55,78.47,in.,A
2023-01-13 08:43:10,2023-01-13 08:45:05,78.43,in.,A
2023-01-13 08:39:14,2023-01-13 08:40:55,78.39,in.,A
2023-01-13 08:37:23,2023-01-13 08:38:54,78.35,in.,A
2023-01-13 08:30:44,2023-01-13 08:33:00,78.31,in.,A
2023-01-13 08:29:21,2023-01-13 08:30:54,78.27,in.,A
2023-01-13 08:00:14,2023-01-13 08:01:00,78.23,in.,A
2023-01-13 07:57:23,2023-01-13 07:59:00,78.19,in.,A
2023-01-13 07:56:14,2023-01-13 07:57:15,78.15,in.,A
2023-01-13 07:55:33,2023-01-13 07:57:15,78.11,in.,A
2023-01-13 07:53:41,2023-01-13 07:54:54,78.08,in.,A
2023-01-13 07:27:09,2023-01-13 07:28:54,78.04,in.,A
2023-01-13 06:45:15,2023-01-13 06:46:54,78.00,in.,A
2023-01-13 06:31:03,2023-01-13 06:32:54,77.96,in.,A
2023-01-13 02:06:35,2023-01-13 02:06:55,77.92,in.,A
2023-01-12 14:06:35,2023-01-12 14:07:10,77.92,in.,A
2023-01-12 02:06:35,2023-01-12 02:06:55,77.92,in.,A
2023-01-11 20:45:20,2023-01-11 20:46:55,77.92,in.,A
2023-01-11 18:48:23,2023-01-11 18:48:55,77.88,in.,A
2023-01-11 17:39:59,2023-01-11 17:40:55,77.84,in.,A
2023-01-11 17:00:23,2023-01-11 17:01:00,77.80,in.,A
2023-01-11 16:36:53,2023-01-11 16:38:55,77.76,in.,A
2023-01-11 16:27:18,2023-01-11 16:29:05,77.72,in.,A
2023-01-11 16:18:14,2023-01-11 16:19:00,77.68,in.,A
2023-01-11 16:12:33,2023-01-11 16:12:55,77.64,in.,A
2023-01-11 15:58:01,2023-01-11 15:59:00,77.60,in.,A
2023-01-11 15:43:16,2023-01-11 15:45:10,77.56,in.,A
2023-01-11 15:34:52,2023-01-11 15:37:10,77.52,in.,A
2023-01-11 15:30:28,2023-01-11 15:30:55,77.48,in.,A
2023-01-11 15:18:18,2023-01-11 15:19:00,77.44,in.,A
2023-01-11 15:08:06,2023-01-11 15:09:00,77.41,in.,A
2023-01-11 14:58:38,2023-01-11 15:00:54,77.37,in.,A
2023-01-11 14:50:08,2023-01-11 14:51:00,77.33,in.,A
2023-01-11 14:43:09,2023-01-11 14:45:00,77.29,in.,A
2023-01-11 14:36:33,2023-01-11 14:36:54,77.25,in.,A
2023-01-11 14:23:07,2023-01-11 14:25:00,77.21,in.,A
2023-01-11 14:06:44,2023-01-11 14:08:54,77.17,in.,A
2023-01-11 14:06:35,2023-01-11 14:06:54,77.13,in.,A
2023-01-11 13:56:15,2023-01-11 13:56:55,77.13,in.,A
2023-01-11 13:49:27,2023-01-11 13:50:55,77.09,in.,A
2023-01-11 13:42:08,2023-01-11 13:42:55,77.05,in.,A
2023-01-11 13:36:00,2023-01-11 13:36:54,77.01,in.,A
2023-01-11 13:27:21,2023-01-11 13:28:54,76.97,in.,A
2023-01-11 13:20:59,2023-01-11 13:22:55,76.93,in.,A
2023-01-11 13:13:55,2023-01-11 13:15:10,76.89,in.,A
2023-01-11 13:04:59,2023-01-11 13:06:54,76.85,in.,A
2023-01-11 12:54:03,2023-01-11 12:55:00,76.81,in.,A
2023-01-11 12:48:12,2023-01-11 12:48:55,76.78,in.,A
2023-01-11 12:40:29,2023-01-11 12:40:55,76.74,in.,A
2023-01-11 12:33:28,2023-01-11 12:35:00,76.70,in.,A
2023-01-11 12:24:01,2023-01-11 12:25:10,76.66,in.,A
2023-01-11 12:12:43,2023-01-11 12:14:55,76.62,in.,A
2023-01-11 12:02:02,2023-01-11 12:02:54,76.58,in.,A
2023-01-11 11:48:07,2023-01-11 11:48:55,76.54,in.,A
2023-01-11 11:27:42,2023-01-11 11:29:00,76.50,in.,A
2023-01-11 11:11:02,2023-01-11 11:12:55,76.46,in.,A
2023-01-11 10:53:01,2023-01-11 10:54:54,76.42,in.,A
2023-01-11 10:43:50,2023-01-11 10:44:50,76.38,in.,A
2023-01-11 10:19:50,2023-01-11 10:20:54,76.34,in.,A
2023-01-11 10:00:57,2023-01-11 10:02:54,76.30,in.,A
2023-01-11 09:10:28,2023-01-11 09:11:05,76.26,in.,A
2023-01-11 08:32:18,2023-01-11 08:32:55,76.22,in.,A
2023-01-11 07:30:29,2023-01-11 07:31:10,76.18,in.,A
2023-01-11 06:48:53,2023-01-11 06:51:05,76.14,in.,A
2023-01-11 06:16:39,2023-01-11 06:19:05,76.11,in.,A
2023-01-11 04:52:31,2023-01-11 04:52:55,76.07,in.,A
2023-01-11 03:21:19,2023-01-11 03:23:00,76.03,in.,A
2023-01-11 02:06:35,2023-01-11 02:07:15,75.99,in.,A
2023-01-11 00:52:38,2023-01-11 00:54:54,75.99,in.,A
2023-01-11 00:42:43,2023-01-11 00:45:00,75.95,in.,A
2023-01-11 00:28:43,2023-01-11 00:30:45,75.91,in.,A
2023-01-10 17:04:10,2023-01-10 17:04:55,75.87,in.,A
2023-01-10 14:06:35,2023-01-10 14:07:00,75.83,in.,A
2023-01-10 12:33:23,2023-01-10 12:35:00,75.83,in.,A
2023-01-10 11:05:34,2023-01-10 11:07:00,75.79,in.,A
2023-01-10 10:07:12,2023-01-10 10:08:54,75.75,in.,A
2023-01-10 09:16:34,2023-01-10 09:17:00,75.71,in.,A
2023-01-10 09:08:58,2023-01-10 09:11:00,75.67,in.,A
2023-01-10 08:40:56,2023-01-10 08:42:54,75.63,in.,A
2023-01-10 07:27:48,2023-01-10 07:28:55,75.59,in.,A
2023-01-10 05:50:44,2023-01-10 05:52:54,75.55,in.,A
2023-01-10 05:05:40,2023-01-10 05:07:00,75.51,in.,A
2023-01-10 03:36:34,2023-01-10 03:36:50,75.48,in.,A
2023-01-10 03:02:31,2023-01-10 03:02:50,75.44,in.,A
2023-01-10 02:49:57,2023-01-10 02:51:00,75.40,in.,A
2023-01-10 02:47:00,2023-01-10 02:48:54,75.36,in.,A
2023-01-10 02:45:05,2023-01-10 02:48:54,75.32,in.,A
2023-01-10 02:43:13,2023-01-10 02:45:05,75.28,in.,A
2023-01-10 02:41:05,2023-01-10 02:42:55,75.24,in.,A
2023-01-10 02:39:46,2023-01-10 02:40:54,75.20,in.,A
2023-01-10 02:37:13,2023-01-10 02:38:55,75.16,in.,A
2023-01-10 02:35:26,2023-01-10 02:36:54,75.12,in.,A
2023-01-10 02:31:56,2023-01-10 02:32:55,75.08,in.,A
2023-01-10 02:28:55,2023-01-10 02:31:00,75.04,in.,A
2023-01-10 02:24:35,2023-01-10 02:26:55,75.00,in.,A
2023-01-10 02:22:42,2023-01-10 02:24:54,74.96,in.,A
2023-01-10 02:18:09,2023-01-10 02:18:54,74.92,in.,A
2023-01-10 02:06:35,2023-01-10 02:07:00,74.88,in.,A
2023-01-10 01:42:16,2023-01-10 01:43:00,74.88,in.,A
2023-01-10 01:20:36,2023-01-10 01:22:54,74.84,in.,A
2023-01-10 00:57:42,2023-01-10 00:58:55,74.81,in.,A
2023-01-10 00:44:21,2023-01-10 00:44:54,74.77,in.,A
2023-01-10 00:28:25,2023-01-10 00:29:15,74.73,in.,A
2023-01-09 23:23:49,2023-01-09 23:25:00,74.69,in.,A
2023-01-09 21:47:34,2023-01-09 21:49:15,74.65,in.,A
2023-01-09 18:43:57,2023-01-09 18:45:00,74.61,in.,A
2023-01-09 18:14:26,2023-01-09 18:14:54,74.57,in.,A
2023-01-09 17:57:38,2023-01-09 18:00:50,74.53,in.,A
2023-01-09 17:54:10,2023-01-09 17:54:55,74.49,in.,A
2023-01-09 17:02:38,2023-01-09 17:04:54,74.45,in.,A
2023-01-09 16:50:24,2023-01-09 16:50:54,74.41,in.,A
2023-01-09 16:36:52,2023-01-09 16:39:00,74.37,in.,A
2023-01-09 16:24:57,2023-01-09 16:26:50,74.33,in.,A
2023-01-09 16:01:31,2023-01-09 16:02:50,74.29,in.,A
2023-01-09 15:37:17,2023-01-09 15:38:54,74.25,in.,A
2023-01-09 15:12:31,2023-01-09 15:12:54,74.21,in.,A
2023-01-09 15:03:26,2023-01-09 15:05:00,74.17,in.,A
2023-01-09 14:29:22,2023-01-09 14:31:00,74.14,in.,A
2023-01-09 14:22:45,2023-01-09 14:25:05,74.10,in.,A
2023-01-09 14:15:08,2023-01-09 14:16:55,74.06,in.,A
2023-01-09 14:05:01,2023-01-09 14:06:55,74.02,in.,A
2023-01-09 13:47:17,2023-01-09 13:48:55,73.98,in.,A
2023-01-09 13:37:50,2023-01-09 13:39:00,73.94,in.,A
2023-01-09 13:21:11,2023-01-09 13:22:54,73.90,in.,A
2023-01-09 13:12:40,2023-01-09 13:14:54,73.86,in.,A
2023-01-09 13:00:44,2023-01-09 13:03:00,73.82,in.,A
2023-01-09 12:54:52,2023-01-09 12:57:00,73.78,in.,A
2023-01-09 12:48:04,2023-01-09 12:49:00,73.74,in.,A
2023-01-09 12:41:42,2023-01-09 12:42:55,73.70,in.,A
2023-01-09 12:34:18,2023-01-09 12:34:55,73.66,in.,A
2023-01-09 12:29:50,2023-01-09 12:30:55,73.62,in.,A
2023-01-09 12:25:45,2023-01-09 12:27:00,73.58,in.,A
2023-01-09 12:20:02,2023-01-09 12:21:00,73.54,in.,A
2023-01-09 12:13:00,2023-01-09 12:15:00,73.51,in.,A
2023-01-09 12:03:11,2023-01-09 12:05:00,73.47,in.,A
2023-01-09 11:55:38,2023-01-09 11:57:00,73.43,in.,A
2023-01-09 11:49:56,2023-01-09 11:51:00,73.39,in.,A
2023-01-09 11:43:20,2023-01-09 11:45:00,73.35,in.,A
2023-01-09 11:30:48,2023-01-09 11:33:00,73.31,in.,A
2023-01-09 11:23:55,2023-01-09 11:24:55,73.27,in.,A
2023-01-09 11:18:12,2023-01-09 11:18:54,73.23,in.,A
2023-01-09 11:11:20,2023-01-09 11:13:00,73.19,in.,A
2023-01-09 10:57:10,2023-01-09 10:59:00,73.15,in.,A
2023-01-09 10:46:12,2023-01-09 10:48:55,73.11,in.,A
2023-01-09 10:37:21,2023-01-09 10:38:55,73.07,in.,A
2023-01-09 10:26:49,2023-01-09 10:28:54,73.03,in.,A
2023-01-09 10:16:45,2023-01-09 10:19:00,72.99,in.,A
2023-01-09 10:07:02,2023-01-09 10:08:55,72.95,in.,A
2023-01-09 09:55:40,2023-01-09 09:57:00,72.91,in.,A
2023-01-09 09:40:45,2023-01-09 09:43:00,72.87,in.,A
2023-01-09 09:29:53,2023-01-09 09:30:55,72.84,in.,A
2023-01-09 09:24:43,2023-01-09 09:27:00,72.80,in.,A
2023-01-09 09:20:43,2023-01-09 09:23:00,72.76,in.,A
2023-01-09 09:15:05,2023-01-09 09:16:55,72.72,in.,A
2023-01-09 09:08:59,2023-01-09 09:13:00,72.68,in.,A
2023-01-09 09:04:04,2023-01-09 09:04:55,72.64,in.,A
2023-01-09 08:57:52,2023-01-09 08:58:50,72.60,in.,A
2023-01-09 08:51:55,2023-01-09 08:52:50,72.56,in.,A
2023-01-09 08:45:56,2023-01-09 08:47:00,72.52,in.,A
2023-01-09 08:36:51,2023-01-09 08:38:55,72.48,in.,A
2023-01-09 08:29:01,2023-01-09 08:30:55,72.44,in.,A
2023-01-09 08:21:19,2023-01-09 08:25:00,72.40,in.,A
2023-01-09 08:15:08,2023-01-09 08:16:55,72.36,in.,A
2023-01-09 08:06:18,2023-01-09 08:07:00,72.32,in.,A
2023-01-09 08:01:13,2023-01-09 08:02:55,72.28,in.,A
2023-01-09 07:57:07,2023-01-09 07:58:54,72.24,in.,A
2023-01-09 07:53:58,2023-01-09 07:55:00,72.20,in.,A
2023-01-09 07:51:09,2023-01-09 07:52:54,72.17,in.,A
2023-01-09 07:48:28,2023-01-09 07:49:00,72.13,in.,A
2023-01-09 07:45:55,2023-01-09 07:47:00,72.09,in.,A
2023-01-09 07:43:56,2023-01-09 07:45:00,72.05,in.,A
2023-01-09 07:41:43,2023-01-09 07:43:00,72.01,in.,A
2023-01-09 07:39:54,2023-01-09 07:41:00,71.97,in.,A
2023-01-09 07:37:27,2023-01-09 07:39:00,71.93,in.,A
2023-01-09 07:34:52,2023-01-09 07:37:00,71.89,in.,A
2023-01-09 07:32:36,2023-01-09 07:37:00,71.85,in.,A
2023-01-09 07:31:12,2023-01-09 07:32:55,71.81,in.,A
2023-01-09 07:28:47,2023-01-09 07:31:00,71.77,in.,A
2023-01-09 07:27:22,2023-01-09 07:28:54,71.73,in.,A
2023-01-09 07:26:12,2023-01-09 07:26:54,71.69,in.,A
2023-01-09 07:24:45,2023-01-09 07:26:54,71.65,in.,A
2023-01-09 07:23:09,2023-01-09 07:24:54,71.61,in.,A
2023-01-09 07:21:37,2023-01-09 07:22:54,71.57,in.,A
2023-01-09 07:20:05,2023-01-09 07:20:54,71.54,in.,A
2023-01-09 07:18:33,2023-01-09 07:18:55,71.50,in.,A
2023-01-09 07:17:08,2023-01-09 07:18:55,71.46,in.,A
2023-01-09 07:16:08,2023-01-09 07:17:00,71.42,in.,A
2023-01-09 07:14:59,2023-01-09 07:17:00,71.38,in.,A
2023-01-09 07:14:17,2023-01-09 07:15:00,71.34,in.,A
2023-01-09 07:13:20,2023-01-09 07:15:00,71.30,in.,A
2023-01-09 07:12:21,2023-01-09 07:13:00,71.26,in.,A
2023-01-09 07:11:25,2023-01-09 07:13:00,71.22,in.,A
2023-01-09 07:10:47,2023-01-09 07:13:00,71.18,in.,A
2023-01-09 07:09:58,2023-01-09 07:11:00,71.14,in.,A
2023-01-09 07:09:16,2023-01-09 07:11:00,71.10,in.,A
2023-01-09 07:08:35,2023-01-09 07:11:00,71.06,in.,A
2023-01-09 07:07:13,2023-01-09 07:09:00,71.02,in.,A
2023-01-09 07:05:09,2023-01-09 07:07:00,70.98,in.,A
2023-01-09 07:03:42,2023-01-09 07:04:54,70.94,in.,A
2023-01-09 07:02:05,2023-01-09 07:02:55,70.91,in.,A
2023-01-09 07:00:25,2023-01-09 07:00:54,70.87,in.,A
2023-01-09 06:57:53,2023-01-09 06:58:54,70.83,in.,A
2023-01-09 06:55:19,2023-01-09 06:56:54,70.79,in.,A
2023-01-09 06:52:45,2023-01-09 06:54:54,70.75,in.,A
2023-01-09 06:51:40,2023-01-09 06:52:54,70.71,in.,A
2023-01-09 06:50:46,2023-01-09 06:52:54,70.67,in.,A
2023-01-09 06:50:00,2023-01-09 06:50:54,70.63,in.,A
2023-01-09 06:49:15,2023-01-09 06:50:54,70.59,in.,A
2023-01-09 06:48:30,2023-01-09 06:48:55,70.55,in.,A
2023-01-09 06:47:14,2023-01-09 06:48:55,70.51,in.,A
2023-01-09 06:46:26,2023-01-09 06:48:55,70.47,in.,A
2023-01-09 06:45:42,2023-01-09 06:48:55,70.43,in.,A
2023-01-09 06:44:52,2023-01-09 06:48:55,70.39,in.,A
2023-01-09 06:44:06,2023-01-09 06:44:54,70.35,in.,A
2023-01-09 06:43:22,2023-01-09 06:44:54,70.31,in.,A
2023-01-09 06:42:20,2023-01-09 06:42:54,70.28,in.,A
2023-01-09 06:41:03,2023-01-09 06:42:54,70.24,in.,A
2023-01-09 06:40:07,2023-01-09 06:40:54,70.20,in.,A
2023-01-09 06:39:05,2023-01-09 06:40:54,70.16,in.,A
2023-01-09 06:38:16,2023-01-09 06:38:55,70.12,in.,A
2023-01-09 06:37:26,2023-01-09 06:38:55,70.08,in.,A
2023-01-09 06:36:37,2023-01-09 06:38:55,70.04,in.,A
2023-01-09 06:35:42,2023-01-09 06:36:50,70.00,in.,A
2023-01-09 06:34:45,2023-01-09 06:36:50,69.96,in.,A
2023-01-09 06:33:33,2023-01-09 06:34:50,69.92,in.,A
2023-01-09 06:32:28,2023-01-09 06:32:50,69.88,in.,A
2023-01-09 06:31:28,2023-01-09 06:32:50,69.84,in.,A
2023-01-09 06:30:09,2023-01-09 06:30:50,69.80,in.,A
2023-01-09 06:29:14,2023-01-09 06:30:50,69.76,in.,A
2023-01-09 06:27:44,2023-01-09 06:29:00,69.72,in.,A
2023-01-09 06:26:33,2023-01-09 06:27:05,69.68,in.,A
2023-01-09 06:24:34,2023-01-09 06:24:54,69.65,in.,A
2023-01-09 06:23:27,2023-01-09 06:24:54,69.61,in.,A
2023-01-09 06:22:27,2023-01-09 06:22:54,69.57,in.,A
2023-01-09 06:21:13,2023-01-09 06:22:54,69.53,in.,A
2023-01-09 06:19:13,2023-01-09 06:20:54,69.49,in.,A
2023-01-09 06:17:05,2023-01-09 06:19:05,69.45,in.,A
2023-01-09 06:14:31,2023-01-09 06:14:54,69.41,in.,A
2023-01-09 06:12:35,2023-01-09 06:14:54,69.37,in.,A
2023-01-09 06:11:09,2023-01-09 06:12:54,69.33,in.,A
2023-01-09 06:09:34,2023-01-09 06:10:54,69.29,in.,A
2023-01-09 06:06:51,2023-01-09 06:08:54,69.25,in.,A
2023-01-09 06:04:59,2023-01-09 06:06:55,69.21,in.,A
2023-01-09 06:03:23,2023-01-09 06:04:54,69.17,in.,A
2023-01-09 06:01:37,2023-01-09 06:02:54,69.13,in.,A
2023-01-09 06:00:09,2023-01-09 06:00:54,69.09,in.,A
2023-01-09 05:58:59,2023-01-09 06:00:54,69.05,in.,A
2023-01-09 05:57:10,2023-01-09 06:00:54,69.02,in.,A
2023-01-09 05:55:38,2023-01-09 05:57:00,68.98,in.,A
2023-01-09 05:53:57,2023-01-09 05:55:00,68.94,in.,A
2023-01-09 05:52:16,2023-01-09 05:52:45,68.90,in.,A
2023-01-09 05:50:33,2023-01-09 05:51:00,68.86,in.,A
2023-01-09 05:49:23,2023-01-09 05:51:00,68.82,in.,A
2023-01-09 05:47:40,2023-01-09 05:49:00,68.78,in.,A
2023-01-09 05:46:17,2023-01-09 05:47:00,68.74,in.,A
2023-01-09 05:45:03,2023-01-09 05:47:00,68.70,in.,A
2023-01-09 05:44:01,2023-01-09 05:45:00,68.66,in.,A
2023-01-09 05:42:38,2023-01-09 05:45:00,68.62,in.,A
2023-01-09 05:41:08,2023-01-09 05:42:54,68.58,in.,A
2023-01-09 05:38:57,2023-01-09 05:40:54,68.54,in.,A
2023-01-09 05:37:30,2023-01-09 05:38:54,68.50,in.,A
2023-01-09 05:36:13,2023-01-09 05:36:54,68.46,in.,A
2023-01-09 05:35:17,2023-01-09 05:36:54,68.42,in.,A
2023-01-09 05:33:40,2023-01-09 05:34:54,68.39,in.,A
2023-01-09 05:31:39,2023-01-09 05:32:54,68.35,in.,A
2023-01-09 05:29:42,2023-01-09 05:31:00,68.31,in.,A
2023-01-09 05:28:37,2023-01-09 05:31:00,68.27,in.,A
2023-01-09 05:27:27,2023-01-09 05:29:00,68.23,in.,A
2023-01-09 05:25:55,2023-01-09 05:27:00,68.19,in.,A
2023-01-09 05:24:26,2023-01-09 05:25:00,68.15,in.,A
2023-01-09 05:23:20,2023-01-09 05:25:00,68.11,in.,A
2023-01-09 05:21:51,2023-01-09 05:23:00,68.07,in.,A
2023-01-09 05:20:27,2023-01-09 05:21:00,68.03,in.,A
2023-01-09 05:19:10,2023-01-09 05:21:00,67.99,in.,A
2023-01-09 05:17:44,2023-01-09 05:19:00,67.95,in.,A
2023-01-09 05:16:05,2023-01-09 05:16:54,67.91,in.,A
2023-01-09 05:14:54,2023-01-09 05:16:54,67.87,in.,A
2023-01-09 05:13:27,2023-01-09 05:14:54,67.83,in.,A
2023-01-09 05:12:13,2023-01-09 05:12:54,67.79,in.,A
2023-01-09 05:10:53,2023-01-09 05:12:54,67.76,in.,A
2023-01-09 05:09:37,2023-01-09 05:12:54,67.72,in.,A
2023-01-09 05:08:15,2023-01-09 05:09:00,67.68,in.,A
2023-01-09 05:06:56,2023-01-09 05:09:00,67.64,in.,A
2023-01-09 05:05:48,2023-01-09 05:07:00,67.60,in.,A
2023-01-09 05:04:58,2023-01-09 05:07:00,67.56,in.,A
2023-01-09 05:03:50,2023-01-09 05:05:00,67.52,in.,A
2023-01-09 05:02:36,2023-01-09 05:05:00,67.48,in.,A
2023-01-09 05:01:31,2023-01-09 05:02:54,67.44,in.,A
2023-01-09 05:00:32,2023-01-09 05:00:54,67.40,in.,A
2023-01-09 04:59:42,2023-01-09 05:00:54,67.36,in.,A
2023-01-09 04:58:53,2023-01-09 05:00:54,67.32,in.,A
2023-01-09 04:57:59,2023-01-09 04:58:54,67.28,in.,A
2023-01-09 04:57:05,2023-01-09 04:58:54,67.24,in.,A
2023-01-09 04:55:41,2023-01-09 04:56:54,67.20,in.,A
2023-01-09 04:54:03,2023-01-09 04:54:54,67.16,in.,A
2023-01-09 04:52:15,2023-01-09 04:52:54,67.13,in.,A
2023-01-09 04:51:14,2023-01-09 04:52:54,67.09,in.,A
2023-01-09 04:50:38,2023-01-09 04:52:54,67.05,in.,A
2023-01-09 04:49:22,2023-01-09 04:50:54,67.01,in.,A
2023-01-09 04:46:56,2023-01-09 04:48:54,66.97,in.,A
2023-01-09 04:44:29,2023-01-09 04:44:55,66.93,in.,A
2023-01-09 04:41:25,2023-01-09 04:42:55,66.89,in.,A
2023-01-09 04:37:44,2023-01-09 04:38:55,66.85,in.,A
2023-01-09 04:35:10,2023-01-09 04:36:55,66.81,in.,A
2023-01-09 04:33:24,2023-01-09 04:35:05,66.77,in.,A
2023-01-09 04:32:16,2023-01-09 04:32:54,66.73,in.,A
2023-01-09 04:30:29,2023-01-09 04:30:55,66.69,in.,A
2023-01-09 04:27:43,2023-01-09 04:28:54,66.65,in.,A
2023-01-09 04:26:08,2023-01-09 04:26:54,66.61,in.,A
2023-01-09 04:24:44,2023-01-09 04:26:54,66.57,in.,A
2023-01-09 04:21:49,2023-01-09 04:24:54,66.53,in.,A
2023-01-09 04:18:32,2023-01-09 04:19:00,66.50,in.,A
2023-01-09 04:17:10,2023-01-09 04:19:00,66.46,in.,A
2023-01-09 04:15:38,2023-01-09 04:17:00,66.42,in.,A
2023-01-09 04:13:15,2023-01-09 04:15:00,66.38,in.,A
2023-01-09 04:11:27,2023-01-09 04:12:54,66.34,in.,A
2023-01-09 04:09:48,2023-01-09 04:10:54,66.30,in.,A
2023-01-09 04:08:23,2023-01-09 04:08:54,66.26,in.,A
2023-01-09 04:06:46,2023-01-09 04:08:54,66.22,in.,A
2023-01-09 04:03:01,2023-01-09 04:05:00,66.18,in.,A
2023-01-09 04:01:23,2023-01-09 04:03:05,66.14,in.,A
2023-01-09 03:59:46,2023-01-09 04:00:54,66.10,in.,A
2023-01-09 03:58:10,2023-01-09 03:59:00,66.06,in.,A
2023-01-09 03:56:27,2023-01-09 03:56:50,66.02,in.,A
2023-01-09 03:54:20,2023-01-09 03:55:00,65.98,in.,A
2023-01-09 03:51:46,2023-01-09 03:53:00,65.94,in.,A
2023-01-09 03:50:16,2023-01-09 03:51:00,65.90,in.,A
2023-01-09 03:48:30,2023-01-09 03:49:00,65.86,in.,A
2023-01-09 03:46:28,2023-01-09 03:47:00,65.83,in.,A
2023-01-09 03:43:50,2023-01-09 03:45:00,65.79,in.,A
2023-01-09 03:41:38,2023-01-09 03:43:00,65.75,in.,A
2023-01-09 03:39:30,2023-01-09 03:41:00,65.71,in.,A
2023-01-09 03:37:57,2023-01-09 03:39:00,65.67,in.,A
2023-01-09 03:35:36,2023-01-09 03:37:00,65.63,in.,A
2023-01-09 03:34:04,2023-01-09 03:37:00,65.59,in.,A
2023-01-09 03:31:58,2023-01-09 03:32:54,65.55,in.,A
2023-01-09 03:29:56,2023-01-09 03:30:54,65.51,in.,A
2023-01-09 03:27:40,2023-01-09 03:29:00,65.47,in.,A
2023-01-09 03:26:01,2023-01-09 03:27:00,65.43,in.,A
2023-01-09 03:24:27,2023-01-09 03:25:00,65.39,in.,A
2023-01-09 03:22:49,2023-01-09 03:25:00,65.35,in.,A
2023-01-09 03:20:39,2023-01-09 03:23:00,65.31,in.,A
2023-01-09 03:18:51,2023-01-09 03:21:00,65.27,in.,A
2023-01-09 03:16:59,2023-01-09 03:19:00,65.23,in.,A
2023-01-09 03:15:23,2023-01-09 03:17:00,65.20,in.,A
2023-01-09 03:13:46,2023-01-09 03:15:00,65.16,in.,A
2023-01-09 03:11:32,2023-01-09 03:13:00,65.12,in.,A
2023-01-09 03:09:56,2023-01-09 03:11:00,65.08,in.,A
2023-01-09 03:08:36,2023-01-09 03:11:00,65.04,in.,A
2023-01-09 03:06:25,2023-01-09 03:07:00,65.00,in.,A
2023-01-09 03:04:03,2023-01-09 03:05:00,64.96,in.,A
2023-01-09 03:01:25,2023-01-09 03:03:00,64.92,in.,A
2023-01-09 03:00:05,2023-01-09 03:01:00,64.88,in.,A
2023-01-09 02:58:29,2023-01-09 02:59:00,64.84,in.,A
2023-01-09 02:56:37,2023-01-09 02:59:00,64.80,in.,A
2023-01-09 02:55:02,2023-01-09 02:56:54,64.76,in.,A
2023-01-09 02:53:00,2023-01-09 02:54:54,64.72,in.,A
2023-01-09 02:51:22,2023-01-09 02:52:54,64.68,in.,A
2023-01-09 02:50:00,2023-01-09 02:50:54,64.64,in.,A
2023-01-09 02:47:54,2023-01-09 02:48:54,64.60,in.,A
2023-01-09 02:45:40,2023-01-09 02:48:54,64.56,in.,A
2023-01-09 02:44:16,2023-01-09 02:44:54,64.53,in.,A
2023-01-09 02:41:56,2023-01-09 02:42:55,64.49,in.,A
2023-01-09 02:39:45,2023-01-09 02:40:54,64.45,in.,A
2023-01-09 02:37:47,2023-01-09 02:38:54,64.41,in.,A
2023-01-09 02:36:02,2023-01-09 02:37:05,64.37,in.,A
2023-01-09 02:34:47,2023-01-09 02:37:05,64.33,in.,A
2023-01-09 02:33:11,2023-01-09 02:34:54,64.29,in.,A
2023-01-09 02:30:39,2023-01-09 02:32:54,64.25,in.,A
2023-01-09 02:28:15,2023-01-09 02:28:54,64.21,in.,A
2023-01-09 02:25:07,2023-01-09 02:26:55,64.17,in.,A
2023-01-09 02:21:31,2023-01-09 02:22:55,64.13,in.,A
2023-01-09 02:18:26,2023-01-09 02:18:54,64.09,in.,A
2023-01-09 02:13:13,2023-01-09 02:15:00,64.05,in.,A
2023-01-09 02:09:02,2023-01-09 02:10:50,64.01,in.,A
2023-01-09 02:05:06,2023-01-09 02:06:55,63.97,in.,A
2023-01-09 02:02:26,2023-01-09 02:03:00,63.93,in.,A
2023-01-09 01:58:00,2023-01-09 01:59:00,63.90,in.,A
2023-01-09 01:55:23,2023-01-09 01:56:55,63.86,in.,A
2023-01-09 01:52:58,2023-01-09 01:54:54,63.82,in.,A
2023-01-09 01:48:42,2023-01-09 01:50:50,63.78,in.,A
2023-01-09 01:41:58,2023-01-09 01:42:55,63.74,in.,A
2023-01-09 01:37:43,2023-01-09 01:38:54,63.70,in.,A
2023-01-09 01:33:40,2023-01-09 01:34:55,63.66,in.,A
2023-01-09 01:29:57,2023-01-09 01:31:00,63.62,in.,A
2023-01-09 01:26:14,2023-01-09 01:26:50,63.58,in.,A
2023-01-09 01:22:04,2023-01-09 01:23:05,63.54,in.,A
2023-01-09 01:17:00,2023-01-09 01:19:00,63.50,in.,A
2023-01-09 01:15:08,2023-01-09 01:17:00,63.46,in.,A
2023-01-09 01:11:06,2023-01-09 01:12:54,63.42,in.,A
2023-01-09 01:07:11,2023-01-09 01:09:00,63.38,in.,A
2023-01-09 01:02:48,2023-01-09 01:04:54,63.34,in.,A
2023-01-09 00:58:06,2023-01-09 00:58:54,63.30,in.,A
2023-01-09 00:52:37,2023-01-09 00:55:05,63.26,in.,A
2023-01-09 00:49:36,2023-01-09 00:50:54,63.23,in.,A
2023-01-09 00:46:32,2023-01-09 00:46:54,63.19,in.,A
2023-01-09 00:43:16,2023-01-09 00:44:55,63.15,in.,A
2023-01-09 00:39:25,2023-01-09 00:40:54,63.11,in.,A
2023-01-09 00:34:52,2023-01-09 00:36:54,63.07,in.,A
2023-01-09 00:29:09,2023-01-09 00:31:00,63.03,in.,A
2023-01-09 00:23:59,2023-01-09 00:24:55,62.99,in.,A
2023-01-09 00:19:05,2023-01-09 00:21:00,62.95,in.,A
2023-01-09 00:16:11,2023-01-09 00:16:54,62.91,in.,A
2023-01-09 00:12:06,2023-01-09 00:12:55,62.87,in.,A
2023-01-09 00:07:32,2023-01-09 00:09:00,62.83,in.,A
2023-01-09 00:05:13,2023-01-09 00:06:55,62.79,in.,A
2023-01-09 00:02:18,2023-01-09 00:02:54,62.75,in.,A
2023-01-08 23:55:40,2023-01-08 23:56:54,62.71,in.,A
2023-01-08 23:48:53,2023-01-08 23:51:05,62.67,in.,A
2023-01-08 23:44:24,2023-01-08 23:45:05,62.63,in.,A
2023-01-08 23:36:37,2023-01-08 23:39:00,62.60,in.,A
2023-01-08 23:28:50,2023-01-08 23:31:00,62.56,in.,A
2023-01-08 23:22:09,2023-01-08 23:23:15,62.52,in.,A
2023-01-08 23:11:42,2023-01-08 23:12:55,62.48,in.,A
2023-01-08 22:45:01,2023-01-08 22:48:54,62.44,in.,A
2023-01-08 22:04:29,2023-01-08 22:04:55,62.40,in.,A
2023-01-08 19:34:45,2023-01-08 19:36:55,62.36,in.,A
2023-01-08 18:38:58,2023-01-08 18:40:55,62.32,in.,A
2023-01-08 18:10:06,2023-01-08 18:10:55,62.28,in.,A
2023-01-08 17:31:04,2023-01-08 17:32:54,62.24,in.,A
2023-01-08 17:11:58,2023-01-08 17:13:05,62.20,in.,A
2023-01-08 16:54:15,2023-01-08 16:54:50,62.16,in.,A
2023-01-08 16:17:43,2023-01-08 16:18:55,62.12,in.,A
2023-01-08 16:08:06,2023-01-08 16:08:55,62.08,in.,A
2023-01-08 16:06:34,2023-01-08 16:06:54,62.04,in.,A
2023-01-08 15:50:48,2023-01-08 15:52:54,62.00,in.,A
2023-01-08 15:47:07,2023-01-08 15:49:05,61.96,in.,A
2023-01-08 15:39:03,2023-01-08 15:40:54,61.93,in.,A
2023-01-08 15:25:43,2023-01-08 15:27:00,61.89,in.,A
2023-01-08 15:09:34,2023-01-08 15:10:54,61.85,in.,A
2023-01-08 14:44:33,2023-01-08 14:44:54,61.81,in.,A
2023-01-08 14:24:01,2023-01-08 14:24:55,61.77,in.,A
2023-01-08 14:06:35,2023-01-08 14:07:00,61.73,in.,A
2023-01-08 05:44:41,2023-01-08 05:47:00,61.73,in.,A
2023-01-08 05:33:21,2023-01-08 05:34:54,61.69,in.,A
2023-01-08 05:27:14,2023-01-08 05:28:55,61.65,in.,A
2023-01-08 05:15:43,2023-01-08 05:17:00,61.61,in.,A
2023-01-08 05:05:19,2023-01-08 05:07:15,61.57,in.,A
2023-01-08 04:56:29,2023-01-08 04:57:00,61.53,in.,A
2023-01-08 04:47:51,2023-01-08 04:49:05,61.49,in.,A
2023-01-08 04:43:35,2023-01-08 04:45:05,61.45,in.,A
2023-01-08 04:42:21,2023-01-08 04:42:54,61.41,in.,A
2023-01-08 04:30:05,2023-01-08 04:30:55,61.37,in.,A
2023-01-08 04:27:06,2023-01-08 04:29:00,61.33,in.,A
2023-01-08 04:19:58,2023-01-08 04:21:05,61.29,in.,A
2023-01-08 04:13:26,2023-01-08 04:15:00,61.26,in.,A
2023-01-08 04:08:23,2023-01-08 04:09:00,61.22,in.,A
2023-01-08 04:05:27,2023-01-08 04:06:54,61.18,in.,A
2023-01-08 04:02:31,2023-01-08 04:03:05,61.14,in.,A
2023-01-08 03:59:22,2023-01-08 04:00:54,61.10,in.,A
2023-01-08 03:57:46,2023-01-08 03:59:00,61.06,in.,A
2023-01-08 03:56:23,2023-01-08 03:57:00,61.02,in.,A
2023-01-08 03:54:04,2023-01-08 03:54:55,60.98,in.,A
2023-01-08 03:51:49,2023-01-08 03:53:00,60.94,in.,A
2023-01-08 03:50:43,2023-01-08 03:53:00,60.90,in.,A
2023-01-08 03:49:59,2023-01-08 03:50:54,60.86,in.,A
2023-01-08 03:45:23,2023-01-08 03:46:54,60.82,in.,A
2023-01-08 03:40:33,2023-01-08 03:40:54,60.78,in.,A
2023-01-08 03:37:38,2023-01-08 03:38:54,60.74,in.,A
2023-01-08 03:35:16,2023-01-08 03:37:15,60.70,in.,A
2023-01-08 03:33:02,2023-01-08 03:35:00,60.66,in.,A
2023-01-08 03:23:39,2023-01-08 03:24:55,60.63,in.,A
2023-01-08 03:18:26,2023-01-08 03:19:05,60.59,in.,A
2023-01-08 03:16:48,2023-01-08 03:19:05,60.55,in.,A
2023-01-08 03:13:54,2023-01-08 03:14:55,60.51,in.,A
2023-01-08 03:11:30,2023-01-08 03:13:00,60.47,in.,A
2023-01-08 03:07:36,2023-01-08 03:08:54,60.43,in.,A
2023-01-08 03:05:16,2023-01-08 03:06:54,60.39,in.,A
2023-01-08 03:02:03,2023-01-08 03:03:00,60.35,in.,A
2023-01-08 03:00:32,2023-01-08 03:00:54,60.31,in.,A
2023-01-08 02:59:19,2023-01-08 03:00:54,60.27,in.,A
2023-01-08 02:56:00,2023-01-08 02:56:54,60.23,in.,A
2023-01-08 02:53:08,2023-01-08 02:54:54,60.19,in.,A
2023-01-08 02:50:24,2023-01-08 02:51:00,60.15,in.,A
2023-01-08 02:49:10,2023-01-08 02:51:00,60.11,in.,A
2023-01-08 02:47:42,2023-01-08 02:49:00,60.07,in.,A
2023-01-08 02:47:00,2023-01-08 02:49:00,60.03,in.,A
2023-01-08 02:44:18,2023-01-08 02:44:54,60.00,in.,A
2023-01-08 02:42:28,2023-01-08 02:42:54,59.96,in.,A
2023-01-08 02:41:49,2023-01-08 02:42:54,59.92,in.,A
2023-01-08 02:38:57,2023-01-08 02:41:00,59.88,in.,A
2023-01-08 02:34:59,2023-01-08 02:36:55,59.84,in.,A
2023-01-08 02:30:19,2023-01-08 02:30:55,59.80,in.,A
2023-01-08 02:27:14,2023-01-08 02:28:55,59.76,in.,A
2023-01-08 02:23:16,2023-01-08 02:24:55,59.72,in.,A
2023-01-08 02:19:43,2023-01-08 02:21:00,59.68,in.,A
2023-01-08 02:15:41,2023-01-08 02:16:55,59.64,in.,A
2023-01-08 02:11:32,2023-01-08 02:12:55,59.60,in.,A
2023-01-08 02:07:53,2023-01-08 02:08:55,59.56,in.,A
2023-01-08 02:06:35,2023-01-08 02:07:00,59.52,in.,A
2023-01-08 02:03:53,2023-01-08 02:04:55,59.52,in.,A
2023-01-08 02:00:27,2023-01-08 02:01:00,59.48,in.,A
2023-01-08 01:57:46,2023-01-08 01:59:00,59.44,in.,A
2023-01-08 01:54:23,2023-01-08 01:55:15,59.40,in.,A
2023-01-08 01:50:07,2023-01-08 01:50:54,59.36,in.,A
2023-01-08 01:46:25,2023-01-08 01:47:00,59.33,in.,A
2023-01-08 01:43:04,2023-01-08 01:45:15,59.29,in.,A
2023-01-08 01:38:56,2023-01-08 01:40:54,59.25,in.,A
2023-01-08 01:35:46,2023-01-08 01:37:10,59.21,in.,A
2023-01-08 01:31:20,2023-01-08 01:32:55,59.17,in.,A
2023-01-08 01:27:18,2023-01-08 01:29:00,59.13,in.,A
2023-01-08 01:21:34,2023-01-08 01:23:00,59.09,in.,A
2023-01-08 01:16:16,2023-01-08 01:16:54,59.05,in.,A
2023-01-08 01:12:53,2023-01-08 01:14:54,59.01,in.,A
2023-01-08 01:11:47,2023-01-08 01:12:54,58.97,in.,A
2023-01-08 01:04:56,2023-01-08 01:06:54,58.93,in.,A
2023-01-08 00:59:55,2023-01-08 01:00:54,58.89,in.,A
2023-01-08 00:55:27,2023-01-08 00:56:55,58.85,in.,A
2023-01-08 00:52:59,2023-01-08 00:55:00,58.81,in.,A
2023-01-08 00:47:34,2023-01-08 00:48:54,58.77,in.,A
2023-01-08 00:43:54,2023-01-08 00:44:55,58.73,in.,A
2023-01-08 00:39:57,2023-01-08 00:40:55,58.70,in.,A
2023-01-08 00:35:09,2023-01-08 00:37:00,58.66,in.,A
2023-01-08 00:30:12,2023-01-08 00:30:55,58.62,in.,A
2023-01-08 00:25:44,2023-01-08 00:26:50,58.58,in.,A
2023-01-08 00:22:06,2023-01-08 00:22:54,58.54,in.,A
2023-01-08 00:17:04,2023-01-08 00:18:54,58.50,in.,A
2023-01-08 00:08:22,2023-01-08 00:08:54,58.46,in.,A
2023-01-08 00:00:38,2023-01-08 00:02:55,58.42,in.,A
2023-01-07 23:54:35,2023-01-07 23:56:55,58.38,in.,A
2023-01-07 23:48:50,2023-01-07 23:50:55,58.34,in.,A
2023-01-07 23:40:15,2023-01-07 23:40:55,58.30,in.,A
2023-01-07 23:33:06,2023-01-07 23:34:55,58.26,in.,A
2023-01-07 23:29:10,2023-01-07 23:30:54,58.22,in.,A
2023-01-07 23:26:01,2023-01-07 23:26:50,58.18,in.,A
2023-01-07 23:22:11,2023-01-07 23:22:54,58.14,in.,A
2023-01-07 23:18:44,2023-01-07 23:20:54,58.10,in.,A
2023-01-07 23:16:15,2023-01-07 23:16:55,58.06,in.,A
2023-01-07 23:13:51,2023-01-07 23:14:54,58.03,in.,A
2023-01-07 23:11:03,2023-01-07 23:12:55,57.99,in.,A
2023-01-07 23:08:15,2023-01-07 23:08:55,57.95,in.,A
2023-01-07 23:06:22,2023-01-07 23:06:55,57.91,in.,A
2023-01-07 23:04:47,2023-01-07 23:06:55,57.87,in.,A
2023-01-07 23:03:20,2023-01-07 23:04:55,57.83,in.,A
2023-01-07 23:01:50,2023-01-07 23:02:55,57.79,in.,A
2023-01-07 23:00:02,2023-01-07 23:00:54,57.75,in.,A
2023-01-07 22:57:57,2023-01-07 22:58:54,57.71,in.,A
2023-01-07 22:55:53,2023-01-07 22:57:00,57.67,in.,A
2023-01-07 22:54:28,2023-01-07 22:55:00,57.63,in.,A
2023-01-07 22:50:32,2023-01-07 22:51:00,57.59,in.,A
2023-01-07 22:46:05,2023-01-07 22:46:55,57.55,in.,A
2023-01-07 22:36:14,2023-01-07 22:37:05,57.51,in.,A
2023-01-07 22:29:19,2023-01-07 22:30:55,57.47,in.,A
2023-01-07 22:25:25,2023-01-07 22:26:54,57.43,in.,A
2023-01-07 22:22:37,2023-01-07 22:24:54,57.39,in.,A
2023-01-07 22:18:15,2023-01-07 22:18:54,57.36,in.,A
2023-01-07 22:12:39,2023-01-07 22:14:54,57.32,in.,A
2023-01-07 22:05:46,2023-01-07 22:07:00,57.28,in.,A
2023-01-07 21:45:08,2023-01-07 21:46:54,57.24,in.,A
2023-01-07 21:38:09,2023-01-07 21:38:55,57.20,in.,A
2023-01-07 21:31:19,2023-01-07 21:33:00,57.16,in.,A
2023-01-07 21:27:10,2023-01-07 21:28:54,57.12,in.,A
2023-01-07 21:23:52,2023-01-07 21:24:54,57.08,in.,A
2023-01-07 21:19:17,2023-01-07 21:21:00,57.04,in.,A
2023-01-07 21:15:04,2023-01-07 21:17:00,57.00,in.,A
2023-01-07 21:09:37,2023-01-07 21:11:00,56.96,in.,A
2023-01-07 21:04:28,2023-01-07 21:04:54,56.92,in.,A
2023-01-07 20:56:42,2023-01-07 20:58:54,56.88,in.,A
2023-01-07 20:41:39,2023-01-07 20:43:00,56.84,in.,A
2023-01-07 20:27:23,2023-01-07 20:29:00,56.80,in.,A
2023-01-07 20:11:10,2023-01-07 20:12:50,56.76,in.,A
2023-01-07 19:10:43,2023-01-07 19:12:54,56.73,in.,A
2023-01-07 17:58:30,2023-01-07 17:58:55,56.69,in.,A
2023-01-07 17:48:15,2023-01-07 17:48:55,56.65,in.,A
2023-01-07 17:40:40,2023-01-07 17:42:55,56.61,in.,A
2023-01-07 17:37:17,2023-01-07 17:38:55,56.57,in.,A
2023-01-07 17:34:52,2023-01-07 17:36:55,56.53,in.,A
2023-01-07 17:32:10,2023-01-07 17:32:55,56.49,in.,A
2023-01-07 17:29:34,2023-01-07 17:30:55,56.45,in.,A
2023-01-07 15:01:35,2023-01-07 15:03:00,56.41,in.,A
2023-01-07 14:06:35,2023-01-07 14:06:55,56.37,in.,A
2023-01-07 02:06:35,2023-01-07 02:06:54,56.37,in.,A
2023-01-06 14:06:35,2023-01-06 14:06:50,56.37,in.,A
2023-01-06 02:06:35,2023-01-06 02:06:54,56.37,in.,A
2023-01-05 19:11:14,2023-01-05 19:12:50,56.37,in.,A
2023-01-05 16:08:58,2023-01-05 16:10:55,56.33,in.,A
2023-01-05 14:58:32,2023-01-05 14:59:15,56.29,in.,A
2023-01-05 14:23:20,2023-01-05 14:25:15,56.25,in.,A
2023-01-05 14:06:35,2023-01-05 14:06:55,56.21,in.,A
2023-01-05 14:02:29,2023-01-05 14:03:05,56.21,in.,A
2023-01-05 13:55:55,2023-01-05 13:58:55,56.17,in.,A
2023-01-05 13:45:52,2023-01-05 13:47:00,56.13,in.,A
2023-01-05 13:35:44,2023-01-05 13:36:54,56.09,in.,A
2023-01-05 13:12:53,2023-01-05 13:14:55,56.06,in.,A
2023-01-05 12:49:01,2023-01-05 12:51:05,56.02,in.,A
2023-01-05 12:32:44,2023-01-05 12:35:05,55.98,in.,A
2023-01-05 12:16:19,2023-01-05 12:17:00,55.94,in.,A
2023-01-05 12:09:39,2023-01-05 12:11:00,55.90,in.,A
2023-01-05 12:02:19,2023-01-05 12:02:54,55.86,in.,A
2023-01-05 11:57:05,2023-01-05 11:59:05,55.82,in.,A
2023-01-05 11:54:06,2023-01-05 11:54:54,55.78,in.,A
2023-01-05 11:46:46,2023-01-05 11:49:00,55.74,in.,A
2023-01-05 11:41:14,2023-01-05 11:42:54,55.70,in.,A
2023-01-05 11:35:02,2023-01-05 11:36:54,55.66,in.,A
2023-01-05 11:27:18,2023-01-05 11:28:55,55.62,in.,A
2023-01-05 11:21:37,2023-01-05 11:22:54,55.58,in.,A
2023-01-05 11:16:26,2023-01-05 11:16:55,55.54,in.,A
2023-01-05 11:12:11,2023-01-05 11:12:54,55.50,in.,A
2023-01-05 11:06:58,2023-01-05 11:08:54,55.46,in.,A
2023-01-05 11:03:05,2023-01-05 11:04:54,55.42,in.,A
2023-01-05 10:57:59,2023-01-05 10:58:54,55.39,in.,A
2023-01-05 10:52:56,2023-01-05 10:54:54,55.35,in.,A
2023-01-05 10:46:05,2023-01-05 10:47:05,55.31,in.,A
2023-01-05 10:43:20,2023-01-05 10:47:05,55.27,in.,A
2023-01-05 10:36:00,2023-01-05 10:37:05,55.23,in.,A
2023-01-05 10:15:32,2023-01-05 10:17:00,55.19,in.,A
2023-01-05 09:25:00,2023-01-05 09:26:55,55.15,in.,A
2023-01-05 07:59:08,2023-01-05 08:01:00,55.11,in.,A
2023-01-05 06:32:15,2023-01-05 06:33:00,55.07,in.,A
2023-01-05 06:19:29,2023-01-05 06:21:00,55.03,in.,A
2023-01-05 04:24:26,2023-01-05 04:25:00,54.99,in.,A
2023-01-05 03:22:36,2023-01-05 03:24:54,54.95,in.,A
2023-01-05 02:04:59,2023-01-05 02:06:55,54.91,in.,A
2023-01-05 01:55:48,2023-01-05 01:58:55,54.87,in.,A
2023-01-05 01:49:02,2023-01-05 01:51:00,54.83,in.,A
2023-01-05 01:26:03,2023-01-05 01:26:54,54.79,in.,A
2023-01-05 01:23:35,2023-01-05 01:24:54,54.76,in.,A
2023-01-05 01:21:39,2023-01-05 01:22:55,54.72,in.,A
2023-01-05 01:19:48,2023-01-05 01:21:00,54.68,in.,A
2023-01-05 01:17:32,2023-01-05 01:18:55,54.64,in.,A
2023-01-05 01:16:17,2023-01-05 01:16:55,54.60,in.,A
2023-01-05 01:14:28,2023-01-05 01:14:54,54.56,in.,A
2023-01-05 01:12:39,2023-01-05 01:14:54,54.52,in.,A
2023-01-05 01:11:06,2023-01-05 01:12:55,54.48,in.,A
2023-01-05 01:06:38,2023-01-05 01:11:00,54.44,in.,A
2023-01-05 01:05:08,2023-01-05 01:06:55,54.40,in.,A
2023-01-05 01:04:22,2023-01-05 01:05:00,54.36,in.,A
2023-01-05 01:03:17,2023-01-05 01:05:00,54.32,in.,A
2023-01-05 01:02:15,2023-01-05 01:03:05,54.28,in.,A
2023-01-05 01:01:07,2023-01-05 01:03:05,54.24,in.,A
2023-01-05 00:58:38,2023-01-05 01:00:54,54.20,in.,A
2023-01-05 00:56:26,2023-01-05 00:56:54,54.16,in.,A
2023-01-05 00:54:52,2023-01-05 00:56:54,54.13,in.,A
2023-01-05 00:54:22,2023-01-05 00:54:54,54.09,in.,A
2023-01-05 00:53:22,2023-01-05 00:54:54,54.05,in.,A
2023-01-05 00:52:44,2023-01-05 00:54:54,54.01,in.,A
2023-01-05 00:51:53,2023-01-05 00:53:05,53.97,in.,A
2023-01-05 00:51:16,2023-01-05 00:53:05,53.93,in.,A
2023-01-05 00:50:32,2023-01-05 00:51:05,53.89,in.,A
2023-01-05 00:49:48,2023-01-05 00:51:05,53.85,in.,A
2023-01-05 00:49:19,2023-01-05 00:51:05,53.81,in.,A
2023-01-05 00:48:34,2023-01-05 00:48:54,53.77,in.,A
2023-01-05 00:47:40,2023-01-05 00:48:54,53.73,in.,A
2023-01-05 00:45:27,2023-01-05 00:46:50,53.69,in.,A
2023-01-05 00:39:02,2023-01-05 00:40:54,53.65,in.,A
2023-01-05 00:30:44,2023-01-05 00:32:54,53.61,in.,A
2023-01-05 00:24:22,2023-01-05 00:24:54,53.57,in.,A
2023-01-05 00:22:12,2023-01-05 00:23:05,53.53,in.,A
2023-01-05 00:18:51,2023-01-05 00:23:05,53.50,in.,A
2023-01-05 00:16:55,2023-01-05 00:18:54,53.46,in.,A
2023-01-05 00:15:06,2023-01-05 00:16:55,53.42,in.,A
2023-01-05 00:09:49,2023-01-05 00:11:00,53.38,in.,A
2023-01-05 00:09:06,2023-01-05 00:11:00,53.34,in.,A
2023-01-05 00:08:25,2023-01-05 00:08:55,53.30,in.,A
2023-01-05 00:01:56,2023-01-05 00:03:10,53.26,in.,A
2023-01-04 23:59:36,2023-01-05 00:01:00,53.22,in.,A
2023-01-04 23:57:39,2023-01-04 23:59:00,53.18,in.,A
2023-01-04 23:55:05,2023-01-04 23:56:54,53.14,in.,A
2023-01-04 23:52:46,2023-01-04 23:55:00,53.10,in.,A
2023-01-04 23:51:28,2023-01-04 23:53:00,53.06,in.,A
2023-01-04 23:49:52,2023-01-04 23:50:55,53.02,in.,A
2023-01-04 23:39:08,2023-01-04 23:40:54,52.98,in.,A
2023-01-04 23:26:04,2023-01-04 23:27:00,52.94,in.,A
2023-01-04 23:22:35,2023-01-04 23:25:00,52.90,in.,A
2023-01-04 23:17:10,2023-01-04 23:18:54,52.86,in.,A
2023-01-04 23:10:52,2023-01-04 23:12:54,52.83,in.,A
2023-01-04 23:08:27,2023-01-04 23:08:54,52.79,in.,A
2023-01-04 23:06:17,2023-01-04 23:06:55,52.75,in.,A
2023-01-04 23:04:44,2023-01-04 23:06:55,52.71,in.,A
2023-01-04 23:03:42,2023-01-04 23:04:54,52.67,in.,A
2023-01-04 23:00:54,2023-01-04 23:02:50,52.63,in.,A
2023-01-04 22:58:38,2023-01-04 23:00:50,52.59,in.,A
2023-01-04 22:55:15,2023-01-04 22:56:54,52.55,in.,A
2023-01-04 22:52:15,2023-01-04 22:52:54,52.51,in.,A
2023-01-04 22:49:15,2023-01-04 22:50:54,52.47,in.,A
2023-01-04 22:47:14,2023-01-04 22:48:50,52.43,in.,A
2023-01-04 22:44:48,2023-01-04 22:46:55,52.39,in.,A
2023-01-04 22:42:23,2023-01-04 22:42:50,52.35,in.,A
2023-01-04 22:38:26,2023-01-04 22:39:00,52.31,in.,A
2023-01-04 22:35:42,2023-01-04 22:37:05,52.27,in.,A
2023-01-04 22:19:58,2023-01-04 22:21:05,52.23,in.,A
2023-01-04 21:53:40,2023-01-04 21:55:10,52.20,in.,A
2023-01-04 21:43:05,2023-01-04 21:44:54,52.16,in.,A
2023-01-04 21:32:01,2023-01-04 21:32:55,52.12,in.,A
2023-01-04 21:20:15,2023-01-04 21:21:05,52.08,in.,A
2023-01-04 21:14:21,2023-01-04 21:14:54,52.04,in.,A
2023-01-04 20:49:24,2023-01-04 20:50:55,52.00,in.,A
2023-01-04 20:46:20,2023-01-04 20:47:05,51.96,in.,A
2023-01-04 20:36:32,2023-01-04 20:36:54,51.92,in.,A
2023-01-04 20:30:28,2023-01-04 20:30:54,51.88,in.,A
2023-01-04 20:22:39,2023-01-04 20:24:55,51.84,in.,A
2023-01-04 19:39:00,2023-01-04 19:40:50,51.80,in.,A
2023-01-04 19:24:43,2023-01-04 19:26:55,51.76,in.,A
2023-01-04 19:17:53,2023-01-04 19:18:54,51.72,in.,A
2023-01-04 19:12:36,2023-01-04 19:14:54,51.68,in.,A
2023-01-04 19:09:49,2023-01-04 19:10:55,51.64,in.,A
2023-01-04 19:07:48,2023-01-04 19:08:45,51.60,in.,A
2023-01-04 19:06:47,2023-01-04 19:08:45,51.56,in.,A
2023-01-04 19:04:48,2023-01-04 19:06:55,51.53,in.,A
2023-01-04 19:02:07,2023-01-04 19:03:00,51.49,in.,A
2023-01-04 18:59:23,2023-01-04 19:00:55,51.45,in.,A
2023-01-04 18:56:30,2023-01-04 18:56:55,51.41,in.,A
2023-01-04 18:54:27,2023-01-04 18:54:54,51.37,in.,A
2023-01-04 18:52:58,2023-01-04 18:54:54,51.33,in.,A
2023-01-04 18:50:15,2023-01-04 18:50:55,51.29,in.,A
2023-01-04 18:48:20,2023-01-04 18:49:00,51.25,in.,A
2023-01-04 18:45:26,2023-01-04 18:47:00,51.21,in.,A
2023-01-04 18:40:55,2023-01-04 18:43:10,51.17,in.,A
2023-01-04 18:39:07,2023-01-04 18:40:54,51.13,in.,A
2023-01-04 18:36:41,2023-01-04 18:38:54,51.09,in.,A
2023-01-04 18:33:15,2023-01-04 18:34:54,51.05,in.,A
2023-01-04 18:29:58,2023-01-04 18:30:54,51.01,in.,A
2023-01-04 18:28:26,2023-01-04 18:28:54,50.97,in.,A
2023-01-04 18:27:16,2023-01-04 18:28:54,50.93,in.,A
2023-01-04 18:25:53,2023-01-04 18:26:50,50.90,in.,A
2023-01-04 18:25:03,2023-01-04 18:26:50,50.86,in.,A
2023-01-04 18:22:42,2023-01-04 18:24:55,50.82,in.,A
2023-01-04 18:21:27,2023-01-04 18:22:55,50.78,in.,A
2023-01-04 18:20:20,2023-01-04 18:21:00,50.74,in.,A
2023-01-04 18:19:23,2023-01-04 18:21:00,50.70,in.,A
2023-01-04 18:17:01,2023-01-04 18:18:55,50.66,in.,A
2023-01-04 18:14:05,2023-01-04 18:14:54,50.62,in.,A
2023-01-04 18:10:34,2023-01-04 18:10:54,50.58,in.,A
2023-01-04 18:08:28,2023-01-04 18:08:54,50.54,in.,A
2023-01-04 18:05:40,2023-01-04 18:06:54,50.50,in.,A
2023-01-04 18:02:23,2023-01-04 18:03:00,50.46,in.,A
2023-01-04 17:59:41,2023-01-04 18:01:00,50.42,in.,A
2023-01-04 17:58:05,2023-01-04 17:58:55,50.38,in.,A
2023-01-04 17:56:24,2023-01-04 17:58:55,50.34,in.,A
2023-01-04 17:54:23,2023-01-04 17:54:55,50.30,in.,A
2023-01-04 17:52:19,2023-01-04 17:52:54,50.27,in.,A
2023-01-04 17:50:50,2023-01-04 17:52:54,50.23,in.,A
2023-01-04 17:48:27,2023-01-04 17:49:00,50.19,in.,A
2023-01-04 17:46:03,2023-01-04 17:47:00,50.15,in.,A
2023-01-04 17:43:39,2023-01-04 17:44:55,50.11,in.,A
2023-01-04 17:41:58,2023-01-04 17:42:55,50.07,in.,A
2023-01-04 17:40:14,2023-01-04 17:40:54,50.03,in.,A
2023-01-04 17:38:21,2023-01-04 17:39:00,49.99,in.,A
2023-01-04 17:36:46,2023-01-04 17:39:00,49.95,in.,A
2023-01-04 17:33:00,2023-01-04 17:34:54,49.91,in.,A
2023-01-04 17:28:40,2023-01-04 17:30:54,49.87,in.,A
2023-01-04 17:25:31,2023-01-04 17:27:00,49.83,in.,A
2023-01-04 17:22:34,2023-01-04 17:22:54,49.79,in.,A
2023-01-04 17:18:58,2023-01-04 17:21:00,49.75,in.,A
2023-01-04 17:14:23,2023-01-04 17:14:54,49.71,in.,A
2023-01-04 17:09:09,2023-01-04 17:10:54,49.67,in.,A
2023-01-04 17:03:26,2023-01-04 17:04:54,49.64,in.,A
2023-01-04 16:59:08,2023-01-04 17:00:55,49.60,in.,A
2023-01-04 16:55:15,2023-01-04 16:57:00,49.56,in.,A
2023-01-04 16:51:48,2023-01-04 16:53:00,49.52,in.,A
2023-01-04 16:43:09,2023-01-04 16:44:54,49.48,in.,A
2023-01-04 16:29:06,2023-01-04 16:31:00,49.44,in.,A
2023-01-04 16:02:20,2023-01-04 16:02:54,49.40,in.,A
2023-01-04 15:42:42,2023-01-04 15:44:54,49.36,in.,A
2023-01-04 15:37:32,2023-01-04 15:38:54,49.32,in.,A
2023-01-04 15:31:24,2023-01-04 15:35:00,49.28,in.,A
2023-01-04 15:23:58,2023-01-04 15:24:54,49.24,in.,A
2023-01-04 15:16:53,2023-01-04 15:18:55,49.20,in.,A
2023-01-04 15:06:24,2023-01-04 15:06:55,49.16,in.,A
2023-01-04 15:01:04,2023-01-04 15:02:55,49.12,in.,A
2023-01-04 14:54:28,2023-01-04 14:55:00,49.08,in.,A
2023-01-04 14:48:55,2023-01-04 14:51:15,49.04,in.,A
2023-01-04 14:40:24,2023-01-04 14:40:54,49.00,in.,A
2023-01-04 14:34:48,2023-01-04 14:36:54,48.97,in.,A
2023-01-04 14:25:43,2023-01-04 14:27:15,48.93,in.,A
2023-01-04 14:19:00,2023-01-04 14:21:05,48.89,in.,A
2023-01-04 14:10:45,2023-01-04 14:13:00,48.85,in.,A
2023-01-04 14:07:14,2023-01-04 14:09:00,48.81,in.,A
2023-01-04 14:04:39,2023-01-04 14:07:00,48.77,in.,A
2023-01-04 13:58:46,2023-01-04 14:00:55,48.73,in.,A
2023-01-04 13:54:21,2023-01-04 13:54:54,48.69,in.,A
2023-01-04 13:50:51,2023-01-04 13:53:00,48.65,in.,A
2023-01-04 13:43:44,2023-01-04 13:44:55,48.61,in.,A
2023-01-04 13:38:06,2023-01-04 13:38:55,48.57,in.,A
2023-01-04 13:33:32,2023-01-04 13:34:54,48.53,in.,A
2023-01-04 13:30:20,2023-01-04 13:30:55,48.49,in.,A
2023-01-04 13:26:33,2023-01-04 13:27:05,48.45,in.,A
2023-01-04 13:22:52,2023-01-04 13:24:50,48.41,in.,A
2023-01-04 13:18:23,2023-01-04 13:18:55,48.37,in.,A
2023-01-04 13:14:31,2023-01-04 13:14:55,48.33,in.,A
2023-01-04 13:10:45,2023-01-04 13:12:54,48.30,in.,A
2023-01-04 13:07:29,2023-01-04 13:08:54,48.26,in.,A
2023-01-04 13:03:10,2023-01-04 13:04:54,48.22,in.,A
2023-01-04 13:00:17,2023-01-04 13:01:00,48.18,in.,A
2023-01-04 12:55:31,2023-01-04 12:56:54,48.14,in.,A
2023-01-04 12:52:31,2023-01-04 12:52:54,48.10,in.,A
2023-01-04 12:47:52,2023-01-04 12:48:54,48.06,in.,A
2023-01-04 12:44:18,2023-01-04 12:44:54,48.02,in.,A
2023-01-04 12:40:42,2023-01-04 12:42:54,47.98,in.,A
2023-01-04 12:36:28,2023-01-04 12:36:50,47.94,in.,A
2023-01-04 12:33:06,2023-01-04 12:34:55,47.90,in.,A
2023-01-04 12:29:31,2023-01-04 12:30:54,47.86,in.,A
2023-01-04 12:26:21,2023-01-04 12:26:55,47.82,in.,A
2023-01-04 12:22:31,2023-01-04 12:22:55,47.78,in.,A
2023-01-04 12:19:19,2023-01-04 12:20:55,47.74,in.,A
2023-01-04 12:16:10,2023-01-04 12:16:55,47.70,in.,A
2023-01-04 12:12:47,2023-01-04 12:14:50,47.67,in.,A
2023-01-04 12:09:18,2023-01-04 12:10:54,47.63,in.,A
2023-01-04 12:04:54,2023-01-04 12:07:00,47.59,in.,A
2023-01-04 12:00:55,2023-01-04 12:03:05,47.55,in.,A
2023-01-04 11:57:42,2023-01-04 11:58:55,47.51,in.,A
2023-01-04 11:53:24,2023-01-04 11:54:54,47.47,in.,A
2023-01-04 11:50:20,2023-01-04 11:51:00,47.43,in.,A
2023-01-04 11:46:31,2023-01-04 11:46:50,47.39,in.,A
2023-01-04 11:41:41,2023-01-04 11:43:00,47.35,in.,A
2023-01-04 11:37:17,2023-01-04 11:39:00,47.31,in.,A
2023-01-04 11:32:58,2023-01-04 11:34:55,47.27,in.,A
2023-01-04 11:28:39,2023-01-04 11:30:55,47.23,in.,A
2023-01-04 11:25:21,2023-01-04 11:26:55,47.19,in.,A
2023-01-04 11:21:05,2023-01-04 11:22:54,47.15,in.,A
2023-01-04 11:17:46,2023-01-04 11:18:54,47.11,in.,A
2023-01-04 11:14:45,2023-01-04 11:16:55,47.07,in.,A
2023-01-04 11:11:38,2023-01-04 11:12:55,47.03,in.,A
2023-01-04 11:08:48,2023-01-04 11:10:54,47.00,in.,A
2023-01-04 11:06:02,2023-01-04 11:06:54,46.96,in.,A
2023-01-04 11:03:52,2023-01-04 11:04:55,46.92,in.,A
2023-01-04 10:58:23,2023-01-04 10:58:54,46.88,in.,A
2023-01-04 10:52:18,2023-01-04 10:53:10,46.84,in.,A
2023-01-04 10:37:30,2023-01-04 10:38:55,46.80,in.,A
2023-01-04 10:26:04,2023-01-04 10:27:00,46.76,in.,A
2023-01-04 10:19:11,2023-01-04 10:21:05,46.72,in.,A
2023-01-04 10:10:54,2023-01-04 10:13:05,46.68,in.,A
2023-01-04 10:05:59,2023-01-04 10:06:54,46.64,in.,A
2023-01-04 09:55:51,2023-01-04 09:57:00,46.60,in.,A
2023-01-04 09:47:16,2023-01-04 09:49:05,46.56,in.,A
2023-01-04 09:36:42,2023-01-04 09:38:54,46.52,in.,A
2023-01-04 09:30:36,2023-01-04 09:32:54,46.48,in.,A
2023-01-04 09:22:47,2023-01-04 09:25:00,46.44,in.,A
2023-01-04 09:17:43,2023-01-04 09:19:00,46.40,in.,A
2023-01-04 09:06:12,2023-01-04 09:07:00,46.36,in.,A
2023-01-04 08:55:46,2023-01-04 08:56:54,46.33,in.,A
2023-01-04 08:47:46,2023-01-04 08:48:55,46.29,in.,A
2023-01-04 08:36:12,2023-01-04 08:37:00,46.25,in.,A
2023-01-04 08:26:02,2023-01-04 08:27:00,46.21,in.,A
2023-01-04 08:15:18,2023-01-04 08:17:00,46.17,in.,A
2023-01-04 07:58:48,2023-01-04 08:01:00,46.13,in.,A
2023-01-04 07:49:07,2023-01-04 07:51:00,46.09,in.,A
2023-01-04 07:30:29,2023-01-04 07:30:55,46.05,in.,A
2023-01-04 07:18:45,2023-01-04 07:21:00,46.01,in.,A
2023-01-04 07:07:30,2023-01-04 07:08:50,45.97,in.,A
2023-01-04 06:52:15,2023-01-04 06:53:00,45.93,in.,A
2023-01-04 06:36:36,2023-01-04 06:39:00,45.89,in.,A
2023-01-04 06:17:08,2023-01-04 06:19:00,45.85,in.,A
2023-01-04 06:05:51,2023-01-04 06:07:05,45.81,in.,A
2023-01-04 05:53:59,2023-01-04 05:55:00,45.77,in.,A
2023-01-04 05:45:03,2023-01-04 05:47:00,45.73,in.,A
2023-01-04 05:37:43,2023-01-04 05:38:55,45.70,in.,A
2023-01-04 05:27:17,2023-01-04 05:29:00,45.66,in.,A
2023-01-04 05:10:20,2023-01-04 05:11:00,45.62,in.,A
2023-01-04 04:39:42,2023-01-04 04:40:54,45.58,in.,A
2023-01-04 04:10:21,2023-01-04 04:10:54,45.54,in.,A
2023-01-04 03:26:16,2023-01-04 03:26:54,45.50,in.,A
2023-01-04 02:59:59,2023-01-04 03:01:00,45.46,in.,A
2023-01-04 02:06:35,2023-01-04 02:06:50,45.42,in.,A
2023-01-03 14:06:35,2023-01-03 14:06:55,45.42,in.,A
2023-01-03 02:06:35,2023-01-03 02:07:10,45.42,in.,A
2023-01-02 23:00:15,2023-01-02 23:01:00,45.42,in.,A
2023-01-02 22:01:15,2023-01-02 22:02:54,45.38,in.,A
2023-01-02 21:42:27,2023-01-02 21:43:15,45.34,in.,A
2023-01-02 21:10:08,2023-01-02 21:10:54,45.30,in.,A
2023-01-02 20:25:43,2023-01-02 20:26:54,45.26,in.,A
2023-01-02 19:47:57,2023-01-02 19:49:00,45.22,in.,A
2023-01-02 19:18:41,2023-01-02 19:21:00,45.18,in.,A
2023-01-02 18:56:49,2023-01-02 18:58:54,45.14,in.,A
2023-01-02 18:43:33,2023-01-02 18:44:54,45.10,in.,A
2023-01-02 18:33:29,2023-01-02 18:34:54,45.06,in.,A
2023-01-02 14:06:35,2023-01-02 14:07:00,45.03,in.,A
2023-01-02 14:03:26,2023-01-02 14:05:00,45.03,in.,A
2023-01-02 02:06:35,2023-01-02 02:06:54,44.99,in.,A
2023-01-01 14:06:35,2023-01-01 14:07:00,44.99,in.,A
2023-01-01 02:06:35,2023-01-01 02:06:55,44.99,in.,A
2022-12-31 20:54:27,2022-12-31 20:54:55,44.99,in.,A
2022-12-31 18:39:12,2022-12-31 18:41:00,44.95,in.,A
2022-12-31 17:43:01,2022-12-31 17:44:54,44.91,in.,A
2022-12-31 17:32:16,2022-12-31 17:33:00,44.87,in.,A
2022-12-31 17:00:56,2022-12-31 17:02:55,44.83,in.,A
2022-12-31 16:45:43,2022-12-31 16:46:55,44.79,in.,A
2022-12-31 16:40:02,2022-12-31 16:40:54,44.75,in.,A
2022-12-31 16:35:16,2022-12-31 16:37:05,44.71,in.,A
2022-12-31 16:32:12,2022-12-31 16:32:54,44.67,in.,A
2022-12-31 16:28:47,2022-12-31 16:30:50,44.63,in.,A
2022-12-31 16:25:31,2022-12-31 16:27:05,44.59,in.,A
2022-12-31 16:22:43,2022-12-31 16:25:00,44.55,in.,A
2022-12-31 16:19:55,2022-12-31 16:21:00,44.51,in.,A
2022-12-31 16:17:17,2022-12-31 16:18:54,44.47,in.,A
2022-12-31 16:13:18,2022-12-31 16:14:55,44.43,in.,A
2022-12-31 16:10:20,2022-12-31 16:10:54,44.39,in.,A
2022-12-31 16:06:13,2022-12-31 16:06:54,44.36,in.,A
2022-12-31 16:03:51,2022-12-31 16:04:50,44.32,in.,A
2022-12-31 16:00:31,2022-12-31 16:00:54,44.28,in.,A
2022-12-31 15:58:59,2022-12-31 16:00:54,44.24,in.,A
2022-12-31 15:57:28,2022-12-31 15:58:54,44.20,in.,A
2022-12-31 15:56:14,2022-12-31 15:56:55,44.16,in.,A
2022-12-31 15:55:07,2022-12-31 15:56:55,44.12,in.,A
2022-12-31 15:53:26,2022-12-31 15:54:55,44.08,in.,A
2022-12-31 15:51:13,2022-12-31 15:52:54,44.04,in.,A
2022-12-31 15:43:36,2022-12-31 15:45:00,44.00,in.,A
2022-12-31 15:36:31,2022-12-31 15:37:00,43.96,in.,A
2022-12-31 15:31:49,2022-12-31 15:33:05,43.92,in.,A
2022-12-31 15:28:10,2022-12-31 15:29:00,43.88,in.,A
2022-12-31 15:27:16,2022-12-31 15:29:00,43.84,in.,A
2022-12-31 15:26:13,2022-12-31 15:26:55,43.80,in.,A
2022-12-31 15:23:30,2022-12-31 15:25:00,43.76,in.,A
2022-12-31 15:21:38,2022-12-31 15:23:05,43.73,in.,A
2022-12-31 15:20:10,2022-12-31 15:20:54,43.69,in.,A
2022-12-31 15:18:03,2022-12-31 15:18:54,43.65,in.,A
2022-12-31 15:15:16,2022-12-31 15:16:54,43.61,in.,A
2022-12-31 15:12:21,2022-12-31 15:13:00,43.57,in.,A
2022-12-31 15:10:19,2022-12-31 15:11:00,43.53,in.,A
2022-12-31 15:08:12,2022-12-31 15:09:00,43.49,in.,A
2022-12-31 15:05:17,2022-12-31 15:06:55,43.45,in.,A
2022-12-31 15:01:45,2022-12-31 15:03:00,43.41,in.,A
2022-12-31 14:58:39,2022-12-31 15:01:00,43.37,in.,A
2022-12-31 14:55:10,2022-12-31 14:57:00,43.33,in.,A
2022-12-31 14:51:44,2022-12-31 14:52:55,43.29,in.,A
2022-12-31 14:48:59,2022-12-31 14:50:54,43.25,in.,A
2022-12-31 14:47:01,2022-12-31 14:48:54,43.21,in.,A
2022-12-31 14:44:01,2022-12-31 14:45:00,43.17,in.,A
2022-12-31 14:39:52,2022-12-31 14:40:55,43.13,in.,A
2022-12-31 14:35:32,2022-12-31 14:37:05,43.10,in.,A
2022-12-31 14:33:10,2022-12-31 14:35:00,43.06,in.,A
2022-12-31 14:30:55,2022-12-31 14:32:54,43.02,in.,A
2022-12-31 14:29:55,2022-12-31 14:30:55,42.98,in.,A
2022-12-31 14:28:34,2022-12-31 14:28:55,42.94,in.,A
2022-12-31 14:27:11,2022-12-31 14:28:55,42.90,in.,A
2022-12-31 14:24:48,2022-12-31 14:26:55,42.86,in.,A
2022-12-31 14:19:44,2022-12-31 14:21:00,42.82,in.,A
2022-12-31 14:13:15,2022-12-31 14:15:00,42.78,in.,A
2022-12-31 14:10:32,2022-12-31 14:10:55,42.74,in.,A
2022-12-31 14:08:13,2022-12-31 14:08:50,42.70,in.,A
2022-12-31 14:06:29,2022-12-31 14:07:00,42.66,in.,A
2022-12-31 14:04:37,2022-12-31 14:07:00,42.62,in.,A
2022-12-31 14:02:41,2022-12-31 14:05:00,42.58,in.,A
2022-12-31 14:00:55,2022-12-31 14:03:00,42.54,in.,A
2022-12-31 13:59:34,2022-12-31 14:00:54,42.50,in.,A
2022-12-31 13:57:44,2022-12-31 13:58:55,42.46,in.,A
2022-12-31 13:55:53,2022-12-31 13:56:55,42.43,in.,A
2022-12-31 13:53:26,2022-12-31 13:54:55,42.39,in.,A
2022-12-31 13:51:02,2022-12-31 13:52:54,42.35,in.,A
2022-12-31 13:48:18,2022-12-31 13:48:55,42.31,in.,A
2022-12-31 13:44:30,2022-12-31 13:45:00,42.27,in.,A
2022-12-31 13:38:56,2022-12-31 13:40:54,42.23,in.,A
2022-12-31 13:35:31,2022-12-31 13:36:55,42.19,in.,A
2022-12-31 13:32:58,2022-12-31 13:34:55,42.15,in.,A
2022-12-31 13:30:38,2022-12-31 13:33:00,42.11,in.,A
2022-12-31 13:29:08,2022-12-31 13:31:00,42.07,in.,A
2022-12-31 13:27:36,2022-12-31 13:29:00,42.03,in.,A
2022-12-31 13:25:44,2022-12-31 13:26:50,41.99,in.,A
2022-12-31 13:23:25,2022-12-31 13:24:50,41.95,in.,A
2022-12-31 13:19:54,2022-12-31 13:20:55,41.91,in.,A
2022-12-31 13:17:06,2022-12-31 13:18:55,41.87,in.,A
2022-12-31 13:15:15,2022-12-31 13:16:54,41.83,in.,A
2022-12-31 13:12:56,2022-12-31 13:14:45,41.80,in.,A
2022-12-31 13:10:46,2022-12-31 13:12:54,41.76,in.,A
2022-12-31 13:08:16,2022-12-31 13:08:50,41.72,in.,A
2022-12-31 13:05:24,2022-12-31 13:06:55,41.68,in.,A
2022-12-31 13:02:35,2022-12-31 13:04:45,41.64,in.,A
2022-12-31 13:00:23,2022-12-31 13:00:54,41.60,in.,A
2022-12-31 12:58:01,2022-12-31 12:58:55,41.56,in.,A
2022-12-31 12:55:58,2022-12-31 12:56:55,41.52,in.,A
2022-12-31 12:53:23,2022-12-31 12:54:55,41.48,in.,A
2022-12-31 12:51:01,2022-12-31 12:52:55,41.44,in.,A
2022-12-31 12:48:35,2022-12-31 12:50:55,41.40,in.,A
2022-12-31 12:46:12,2022-12-31 12:46:55,41.36,in.,A
2022-12-31 12:43:20,2022-12-31 12:44:54,41.32,in.,A
2022-12-31 12:41:13,2022-12-31 12:42:55,41.28,in.,A
2022-12-31 12:39:17,2022-12-31 12:40:50,41.24,in.,A
2022-12-31 12:36:20,2022-12-31 12:37:00,41.20,in.,A
2022-12-31 12:33:20,2022-12-31 12:34:55,41.16,in.,A
2022-12-31 12:30:40,2022-12-31 12:32:55,41.13,in.,A
2022-12-31 12:29:12,2022-12-31 12:30:45,41.09,in.,A
2022-12-31 12:26:30,2022-12-31 12:27:00,41.05,in.,A
2022-12-31 12:21:38,2022-12-31 12:23:00,41.01,in.,A
2022-12-31 12:18:06,2022-12-31 12:19:00,40.97,in.,A
2022-12-31 12:15:56,2022-12-31 12:17:00,40.93,in.,A
2022-12-31 12:12:56,2022-12-31 12:15:00,40.89,in.,A
2022-12-31 12:10:37,2022-12-31 12:12:54,40.85,in.,A
2022-12-31 12:07:54,2022-12-31 12:09:00,40.81,in.,A
2022-12-31 12:05:29,2022-12-31 12:07:00,40.77,in.,A
2022-12-31 12:03:18,2022-12-31 12:04:55,40.73,in.,A
2022-12-31 12:01:07,2022-12-31 12:03:00,40.69,in.,A
2022-12-31 11:58:19,2022-12-31 11:58:55,40.65,in.,A
2022-12-31 11:55:54,2022-12-31 11:56:55,40.61,in.,A
2022-12-31 11:52:25,2022-12-31 11:53:00,40.57,in.,A
2022-12-31 11:48:48,2022-12-31 11:51:00,40.53,in.,A
2022-12-31 11:44:34,2022-12-31 11:45:00,40.49,in.,A
2022-12-31 11:41:10,2022-12-31 11:42:55,40.46,in.,A
2022-12-31 11:38:09,2022-12-31 11:38:55,40.42,in.,A
2022-12-31 11:35:37,2022-12-31 11:37:00,40.38,in.,A
2022-12-31 11:33:05,2022-12-31 11:35:00,40.34,in.,A
2022-12-31 11:31:04,2022-12-31 11:33:00,40.30,in.,A
2022-12-31 11:28:40,2022-12-31 11:30:50,40.26,in.,A
2022-12-31 11:26:51,2022-12-31 11:29:00,40.22,in.,A
2022-12-31 11:24:10,2022-12-31 11:25:00,40.18,in.,A
2022-12-31 11:21:18,2022-12-31 11:23:15,40.14,in.,A
2022-12-31 11:18:13,2022-12-31 11:18:54,40.10,in.,A
2022-12-31 11:15:20,2022-12-31 11:16:54,40.06,in.,A
2022-12-31 11:12:09,2022-12-31 11:12:55,40.02,in.,A
2022-12-31 11:08:24,2022-12-31 11:09:00,39.98,in.,A
2022-12-31 11:03:43,2022-12-31 11:04:55,39.94,in.,A
2022-12-31 11:00:13,2022-12-31 11:00:55,39.90,in.,A
2022-12-31 10:56:38,2022-12-31 10:58:55,39.86,in.,A
2022-12-31 10:52:35,2022-12-31 10:54:55,39.82,in.,A
2022-12-31 10:47:42,2022-12-31 10:48:50,39.79,in.,A
2022-12-31 10:45:18,2022-12-31 10:46:55,39.75,in.,A
2022-12-31 10:42:06,2022-12-31 10:42:55,39.71,in.,A
2022-12-31 10:39:00,2022-12-31 10:41:00,39.67,in.,A
2022-12-31 10:28:10,2022-12-31 10:28:50,39.59,in.,A
2022-12-31 10:23:05,2022-12-31 10:24:55,39.55,in.,A
2022-12-31 10:18:47,2022-12-31 10:20:55,39.51,in.,A
2022-12-31 10:11:40,2022-12-31 10:12:55,39.47,in.,A
2022-12-31 10:04:15,2022-12-31 10:05:00,39.43,in.,A
2022-12-31 09:58:37,2022-12-31 10:01:00,39.39,in.,A
2022-12-31 09:55:24,2022-12-31 09:57:00,39.35,in.,A
2022-12-31 09:45:19,2022-12-31 09:46:55,39.31,in.,A
2022-12-31 09:39:13,2022-12-31 09:40:55,39.27,in.,A
2022-12-31 09:30:00,2022-12-31 09:30:50,39.23,in.,A
2022-12-31 09:24:14,2022-12-31 09:24:55,39.19,in.,A
2022-12-31 09:20:19,2022-12-31 09:20:55,39.16,in.,A
2022-12-31 09:12:10,2022-12-31 09:13:00,39.12,in.,A
2022-12-31 09:07:40,2022-12-31 09:09:00,39.08,in.,A
2022-12-31 09:01:58,2022-12-31 09:02:55,39.04,in.,A
2022-12-31 08:56:19,2022-12-31 08:56:55,39.00,in.,A
2022-12-31 08:51:30,2022-12-31 08:52:54,38.96,in.,A
2022-12-31 08:46:51,2022-12-31 08:48:55,38.92,in.,A
2022-12-31 08:42:26,2022-12-31 08:42:54,38.88,in.,A
2022-12-31 08:36:30,2022-12-31 08:36:55,38.84,in.,A
2022-12-31 08:31:58,2022-12-31 08:32:55,38.80,in.,A
2022-12-31 08:25:10,2022-12-31 08:26:54,38.76,in.,A
2022-12-31 08:17:30,2022-12-31 08:19:15,38.72,in.,A
2022-12-31 08:13:00,2022-12-31 08:14:55,38.68,in.,A
2022-12-31 08:06:44,2022-12-31 08:08:54,38.64,in.,A
2022-12-31 07:57:17,2022-12-31 07:59:05,38.60,in.,A
2022-12-31 07:49:16,2022-12-31 07:50:55,38.56,in.,A
2022-12-31 07:46:14,2022-12-31 07:46:55,38.52,in.,A
2022-12-31 07:45:17,2022-12-31 07:46:55,38.49,in.,A
2022-12-31 07:44:28,2022-12-31 07:44:54,38.45,in.,A
2022-12-31 07:42:18,2022-12-31 07:43:05,38.41,in.,A
2022-12-31 07:34:43,2022-12-31 07:36:54,38.37,in.,A
2022-12-31 07:28:59,2022-12-31 07:30:54,38.33,in.,A
2022-12-31 07:22:01,2022-12-31 07:22:54,38.29,in.,A
2022-12-31 07:20:41,2022-12-31 07:22:54,38.25,in.,A
2022-12-31 07:19:44,2022-12-31 07:21:05,38.21,in.,A
2022-12-31 07:18:26,2022-12-31 07:19:10,38.17,in.,A
2022-12-31 07:07:31,2022-12-31 07:09:10,38.13,in.,A
2022-12-31 07:04:08,2022-12-31 07:04:55,38.09,in.,A
2022-12-31 07:02:35,2022-12-31 07:04:55,38.05,in.,A
2022-12-31 06:54:18,2022-12-31 06:54:55,38.01,in.,A
2022-12-31 06:31:53,2022-12-31 06:33:05,37.97,in.,A
2022-12-31 06:15:56,2022-12-31 06:16:54,37.93,in.,A
2022-12-31 05:55:54,2022-12-31 05:57:00,37.89,in.,A
2022-12-31 05:05:33,2022-12-31 05:06:54,37.86,in.,A
2022-12-31 04:13:52,2022-12-31 04:14:55,37.82,in.,A
2022-12-31 03:04:15,2022-12-31 03:04:55,37.78,in.,A
2022-12-31 02:06:35,2022-12-31 02:06:55,37.74,in.,A
2022-12-31 01:47:22,2022-12-31 01:48:54,37.74,in.,A
2022-12-31 00:53:50,2022-12-31 00:55:00,37.70,in.,A
2022-12-30 22:16:48,2022-12-30 22:18:50,37.66,in.,A
2022-12-30 21:17:06,2022-12-30 21:18:55,37.62,in.,A
2022-12-30 20:48:07,2022-12-30 20:49:00,37.58,in.,A
2022-12-30 20:28:18,2022-12-30 20:28:55,37.54,in.,A
2022-12-30 19:55:41,2022-12-30 19:56:54,37.50,in.,A
2022-12-30 19:47:58,2022-12-30 19:48:55,37.46,in.,A
2022-12-30 19:44:26,2022-12-30 19:44:55,37.42,in.,A
2022-12-30 19:38:09,2022-12-30 19:38:54,37.38,in.,A
2022-12-30 18:50:23,2022-12-30 18:51:00,37.34,in.,A
2022-12-30 18:17:37,2022-12-30 18:18:55,37.30,in.,A
2022-12-30 17:48:15,2022-12-30 17:49:00,37.26,in.,A
2022-12-30 17:16:29,2022-12-30 17:17:05,37.23,in.,A
2022-12-30 16:49:54,2022-12-30 16:50:54,37.19,in.,A
2022-12-30 16:02:27,2022-12-30 16:02:50,37.15,in.,A
2022-12-30 15:25:26,2022-12-30 15:26:55,37.11,in.,A
2022-12-30 14:50:49,2022-12-30 14:53:00,37.07,in.,A
2022-12-30 14:21:49,2022-12-30 14:22:55,37.03,in.,A
2022-12-30 14:06:35,2022-12-30 14:07:10,36.99,in.,A
2022-12-30 13:42:08,2022-12-30 13:43:15,36.99,in.,A
2022-12-30 12:57:57,2022-12-30 12:59:00,36.95,in.,A
2022-12-30 12:30:13,2022-12-30 12:30:50,36.91,in.,A
2022-12-30 11:56:47,2022-12-30 11:59:15,36.87,in.,A
2022-12-30 11:13:11,2022-12-30 11:15:00,36.83,in.,A
2022-12-30 09:54:16,2022-12-30 09:55:00,36.79,in.,A
2022-12-30 08:42:51,2022-12-30 08:44:54,36.75,in.,A
2022-12-30 07:37:44,2022-12-30 07:39:00,36.71,in.,A
2022-12-30 06:37:18,2022-12-30 06:38:54,36.67,in.,A
2022-12-30 05:49:06,2022-12-30 05:50:55,36.63,in.,A
2022-12-30 05:09:11,2022-12-30 05:10:54,36.59,in.,A
2022-12-30 04:30:52,2022-12-30 04:33:05,36.56,in.,A
2022-12-30 03:53:34,2022-12-30 03:55:05,36.52,in.,A
2022-12-30 02:18:28,2022-12-30 02:19:10,36.48,in.,A
2022-12-30 02:06:35,2022-12-30 02:06:50,36.44,in.,A
2022-12-30 01:09:38,2022-12-30 01:11:00,36.44,in.,A
2022-12-30 00:23:33,2022-12-30 00:24:55,36.40,in.,A
2022-12-29 23:36:36,2022-12-29 23:38:54,36.36,in.,A
2022-12-29 22:49:25,2022-12-29 22:50:54,36.32,in.,A
2022-12-29 21:18:23,2022-12-29 21:19:15,36.28,in.,A
2022-12-29 19:28:02,2022-12-29 19:29:05,36.24,in.,A
2022-12-29 16:19:46,2022-12-29 16:21:10,36.20,in.,A
2022-12-29 14:06:35,2022-12-29 14:06:55,36.16,in.,A
2022-12-29 13:44:37,2022-12-29 13:46:54,36.16,in.,A
2022-12-29 12:16:06,2022-12-29 12:19:00,36.12,in.,A
2022-12-29 11:21:45,2022-12-29 11:23:15,36.08,in.,A
2022-12-29 10:30:54,2022-12-29 10:33:00,36.04,in.,A
2022-12-29 09:47:55,2022-12-29 09:48:55,36.00,in.,A
2022-12-29 09:18:49,2022-12-29 09:20:54,35.96,in.,A
2022-12-29 08:08:25,2022-12-29 08:08:54,35.92,in.,A
2022-12-29 07:35:56,2022-12-29 07:36:55,35.89,in.,A
2022-12-29 06:00:23,2022-12-29 06:01:00,35.85,in.,A
2022-12-29 05:01:11,2022-12-29 05:02:55,35.81,in.,A
2022-12-29 04:36:08,2022-12-29 04:37:00,35.77,in.,A
2022-12-29 03:30:38,2022-12-29 03:33:00,35.73,in.,A
2022-12-29 02:06:35,2022-12-29 02:06:55,35.69,in.,A
2022-12-28 14:06:35,2022-12-28 14:07:00,35.69,in.,A
2022-12-28 02:06:35,2022-12-28 02:06:54,35.69,in.,A
2022-12-27 17:54:15,2022-12-27 17:54:55,35.69,in.,A
2022-12-27 16:56:28,2022-12-27 16:56:55,35.65,in.,A
2022-12-27 15:45:34,2022-12-27 15:46:54,35.61,in.,A
2022-12-27 15:18:15,2022-12-27 15:18:54,35.57,in.,A
2022-12-27 14:46:12,2022-12-27 14:46:55,35.53,in.,A
2022-12-27 14:06:35,2022-12-27 14:06:55,35.49,in.,A
2022-12-27 13:49:47,2022-12-27 13:51:05,35.49,in.,A
2022-12-27 12:33:23,2022-12-27 12:34:54,35.45,in.,A
2022-12-27 11:47:33,2022-12-27 11:48:54,35.41,in.,A
2022-12-27 11:04:41,2022-12-27 11:06:55,35.37,in.,A
2022-12-27 10:51:25,2022-12-27 10:52:55,35.33,in.,A
2022-12-27 10:34:51,2022-12-27 10:36:50,35.29,in.,A
2022-12-27 10:19:43,2022-12-27 10:20:54,35.26,in.,A
2022-12-27 10:07:50,2022-12-27 10:08:55,35.22,in.,A
2022-12-27 09:56:33,2022-12-27 09:56:55,35.18,in.,A
2022-12-27 09:41:47,2022-12-27 09:42:55,35.14,in.,A
2022-12-27 09:32:27,2022-12-27 09:33:00,35.10,in.,A
2022-12-27 09:22:21,2022-12-27 09:22:55,35.06,in.,A
2022-12-27 09:14:30,2022-12-27 09:14:54,35.02,in.,A
2022-12-27 09:06:33,2022-12-27 09:07:00,34.98,in.,A
2022-12-27 08:58:32,2022-12-27 08:59:00,34.94,in.,A
2022-12-27 08:50:24,2022-12-27 08:51:00,34.90,in.,A
2022-12-27 08:43:49,2022-12-27 08:44:54,34.86,in.,A
2022-12-27 08:37:16,2022-12-27 08:39:00,34.82,in.,A
2022-12-27 08:31:37,2022-12-27 08:32:55,34.78,in.,A
2022-12-27 08:24:46,2022-12-27 08:27:00,34.74,in.,A
2022-12-27 08:18:47,2022-12-27 08:20:54,34.70,in.,A
2022-12-27 08:12:51,2022-12-27 08:14:54,34.66,in.,A
2022-12-27 08:07:21,2022-12-27 08:09:05,34.62,in.,A
2022-12-27 08:00:35,2022-12-27 08:02:54,34.59,in.,A
2022-12-27 07:55:47,2022-12-27 07:57:00,34.55,in.,A
2022-12-27 07:50:36,2022-12-27 07:52:54,34.51,in.,A
2022-12-27 07:45:53,2022-12-27 07:47:00,34.47,in.,A
2022-12-27 07:41:38,2022-12-27 07:42:50,34.43,in.,A
2022-12-27 07:37:22,2022-12-27 07:38:50,34.39,in.,A
2022-12-27 07:32:59,2022-12-27 07:34:50,34.35,in.,A
2022-12-27 07:27:58,2022-12-27 07:28:56,34.31,in.,A
2022-12-27 07:21:55,2022-12-27 07:22:54,34.27,in.,A
2022-12-27 07:17:14,2022-12-27 07:18:54,34.23,in.,A
2022-12-27 07:12:53,2022-12-27 07:15:00,34.19,in.,A
2022-12-27 07:08:38,2022-12-27 07:10:54,34.15,in.,A
2022-12-27 07:02:59,2022-12-27 07:05:00,34.11,in.,A
2022-12-27 06:57:57,2022-12-27 06:58:54,34.07,in.,A
2022-12-27 06:50:56,2022-12-27 06:53:00,34.03,in.,A
2022-12-27 06:46:08,2022-12-27 06:47:00,33.99,in.,A
2022-12-27 06:42:30,2022-12-27 06:43:00,33.95,in.,A
2022-12-27 06:38:08,2022-12-27 06:39:00,33.92,in.,A
2022-12-27 06:30:03,2022-12-27 06:30:55,33.88,in.,A
2022-12-27 06:21:59,2022-12-27 06:22:55,33.84,in.,A
2022-12-27 06:14:52,2022-12-27 06:16:55,33.80,in.,A
2022-12-27 06:10:51,2022-12-27 06:12:55,33.76,in.,A
2022-12-27 06:08:02,2022-12-27 06:08:54,33.72,in.,A
2022-12-27 06:04:26,2022-12-27 06:04:54,33.68,in.,A
2022-12-27 06:01:05,2022-12-27 06:02:54,33.64,in.,A
2022-12-27 05:57:22,2022-12-27 05:59:00,33.60,in.,A
2022-12-27 05:53:04,2022-12-27 05:55:00,33.56,in.,A
2022-12-27 05:48:57,2022-12-27 05:50:55,33.52,in.,A
2022-12-27 05:45:01,2022-12-27 05:46:54,33.48,in.,A
2022-12-27 05:41:52,2022-12-27 05:42:54,33.44,in.,A
2022-12-27 05:35:22,2022-12-27 05:36:55,33.40,in.,A
2022-12-27 05:27:56,2022-12-27 05:28:54,33.36,in.,A
2022-12-27 05:18:38,2022-12-27 05:20:55,33.32,in.,A
2022-12-27 05:10:56,2022-12-27 05:12:54,33.29,in.,A
2022-12-27 04:58:16,2022-12-27 04:58:54,33.25,in.,A
2022-12-27 04:45:15,2022-12-27 04:46:55,33.21,in.,A
2022-12-27 04:22:29,2022-12-27 04:22:55,33.17,in.,A
2022-12-27 04:00:03,2022-12-27 04:01:00,33.13,in.,A
2022-12-27 03:45:10,2022-12-27 03:46:55,33.09,in.,A
2022-12-27 02:06:35,2022-12-27 02:06:55,33.05,in.,A
2022-12-26 14:06:35,2022-12-26 14:06:55,33.05,in.,A
2022-12-26 02:06:35,2022-12-26 02:06:55,33.05,in.,A
2022-12-25 14:06:35,2022-12-25 14:07:00,33.05,in.,A
2022-12-25 02:06:35,2022-12-25 02:06:54,33.05,in.,A
2022-12-24 14:06:35,2022-12-24 14:06:55,33.05,in.,A
2022-12-24 02:06:35,2022-12-24 02:06:55,33.05,in.,A
2022-12-23 14:06:35,2022-12-23 14:06:54,33.05,in.,A
2022-12-23 02:06:35,2022-12-23 02:06:55,33.05,in.,A
2022-12-22 14:06:35,2022-12-22 14:06:55,33.05,in.,A
2022-12-22 02:06:35,2022-12-22 02:07:00,33.05,in.,A
2022-12-21 14:06:35,2022-12-21 14:06:55,33.05,in.,A
2022-12-21 02:06:35,2022-12-21 02:06:55,33.05,in.,A
2022-12-20 14:06:35,2022-12-20 14:07:00,33.05,in.,A
2022-12-20 02:06:35,2022-12-20 02:06:55,33.05,in.,A
2022-12-19 14:06:35,2022-12-19 14:07:00,33.05,in.,A
